,Title,Post number,Date,Nickname,Link
0,지금 강경젓갈시장 왔는데 가게 추천해주세요,676559,2024.11.20. 13:58,동글산들맘,https://cafe.naver.com/ca-fe/ArticleRead.nhn?clubid=21290369&page=1&userDisplay=50&inCafeSearch=true&searchBy=1&query=%EA%B0%95%EA%B2%BD%EC%A0%93%EA%B0%88&includeAll=&exclude=&include=&exact=&searchdate=all&media=0&sortBy=date&articleid=676559&art=aW50ZXJuYWwtY2FmZS1hcnRpY2xlLXJlYWQtaW5DYWZlLXNlYXJjaC1saXN0.eyJ0eXAiOiJKV1QiLCJhbGciOiJIUzI1NiJ9.eyJjYWZlVHlwZSI6IkNBRkVfSUQiLCJhcnRpY2xlSWQiOjY3NjU1OSwiaXNzdWVkQXQiOjE3MzI2MDYyNTY3OTAsImNhZmVJZCI6MjEyOTAzNjl9.RqxF2c-NRv9kp85_Uvxyqw41G5QNGspvdA3_Ht79AZM&where=search&referrerAllArticles=true
1,이번 강경젓갈축제 김치판매에 대해~,674975,2024.10.31. 14:23,흔한남매맘,https://cafe.naver.com/ca-fe/ArticleRead.nhn?clubid=21290369&page=1&userDisplay=50&inCafeSearch=true&searchBy=1&query=%EA%B0%95%EA%B2%BD%EC%A0%93%EA%B0%88&includeAll=&exclude=&include=&exact=&searchdate=all&media=0&sortBy=date&articleid=674975&art=aW50ZXJuYWwtY2FmZS1hcnRpY2xlLXJlYWQtaW5DYWZlLXNlYXJjaC1saXN0.eyJ0eXAiOiJKV1QiLCJhbGciOiJIUzI1NiJ9.eyJjYWZlVHlwZSI6IkNBRkVfSUQiLCJhcnRpY2xlSWQiOjY3NDk3NSwiaXNzdWVkQXQiOjE3MzI2MDYyNTY4MDYsImNhZmVJZCI6MjEyOTAzNjl9.eEI-CvpoLmW9VrESmARl-nyrY0TPgf7noEepcNmpK6o&where=search&referrerAllArticles=true
2,강경젓갈축제에 논산시동물보호센터에서도 왔네요,674101,2024.10.20. 14:26,딱콩,https://cafe.naver.com/ca-fe/ArticleRead.nhn?clubid=21290369&page=1&userDisplay=50&inCafeSearch=true&searchBy=1&query=%EA%B0%95%EA%B2%BD%EC%A0%93%EA%B0%88&includeAll=&exclude=&include=&exact=&searchdate=all&media=0&sortBy=date&articleid=674101&art=aW50ZXJuYWwtY2FmZS1hcnRpY2xlLXJlYWQtaW5DYWZlLXNlYXJjaC1saXN0.eyJ0eXAiOiJKV1QiLCJhbGciOiJIUzI1NiJ9.eyJjYWZlVHlwZSI6IkNBRkVfSUQiLCJhcnRpY2xlSWQiOjY3NDEwMSwiaXNzdWVkQXQiOjE3MzI2MDYyNTY4MjIsImNhZmVJZCI6MjEyOTAzNjl9.kRNT_qz3WQEL6GF_-IggxJSBBZFHFV3h97K2M0RLQcw&where=search&referrerAllArticles=true
3,강경젓갈축제 김치만드는거 아직하나요?,674092,2024.10.20. 11:42,도치도치맘,https://cafe.naver.com/ca-fe/ArticleRead.nhn?clubid=21290369&page=1&userDisplay=50&inCafeSearch=true&searchBy=1&query=%EA%B0%95%EA%B2%BD%EC%A0%93%EA%B0%88&includeAll=&exclude=&include=&exact=&searchdate=all&media=0&sortBy=date&articleid=674092&art=aW50ZXJuYWwtY2FmZS1hcnRpY2xlLXJlYWQtaW5DYWZlLXNlYXJjaC1saXN0.eyJ0eXAiOiJKV1QiLCJhbGciOiJIUzI1NiJ9.eyJjYWZlVHlwZSI6IkNBRkVfSUQiLCJhcnRpY2xlSWQiOjY3NDA5MiwiaXNzdWVkQXQiOjE3MzI2MDYyNTY4MzgsImNhZmVJZCI6MjEyOTAzNjl9.mJ1FgpJydsjOd2ytiI_-bRhZYjU4dVscVY-ml_mxmVM&where=search&referrerAllArticles=true
4,강경젓갈축제,674088,2024.10.20. 10:40,딸부자,https://cafe.naver.com/ca-fe/ArticleRead.nhn?clubid=21290369&page=1&userDisplay=50&inCafeSearch=true&searchBy=1&query=%EA%B0%95%EA%B2%BD%EC%A0%93%EA%B0%88&includeAll=&exclude=&include=&exact=&searchdate=all&media=0&sortBy=date&articleid=674088&art=aW50ZXJuYWwtY2FmZS1hcnRpY2xlLXJlYWQtaW5DYWZlLXNlYXJjaC1saXN0.eyJ0eXAiOiJKV1QiLCJhbGciOiJIUzI1NiJ9.eyJjYWZlVHlwZSI6IkNBRkVfSUQiLCJhcnRpY2xlSWQiOjY3NDA4OCwiaXNzdWVkQXQiOjE3MzI2MDYyNTY4NTIsImNhZmVJZCI6MjEyOTAzNjl9.4MsVJNX1J9vUU4fYIrIxw_SYEPMjqchbWkuPxU1YUw0&where=search&referrerAllArticles=true
5,강경젓갈축제장 안 키즈존 뒤..,674045,2024.10.19. 15:34,푸른새벽,https://cafe.naver.com/ca-fe/ArticleRead.nhn?clubid=21290369&page=1&userDisplay=50&inCafeSearch=true&searchBy=1&query=%EA%B0%95%EA%B2%BD%EC%A0%93%EA%B0%88&includeAll=&exclude=&include=&exact=&searchdate=all&media=0&sortBy=date&articleid=674045&art=aW50ZXJuYWwtY2FmZS1hcnRpY2xlLXJlYWQtaW5DYWZlLXNlYXJjaC1saXN0.eyJ0eXAiOiJKV1QiLCJhbGciOiJIUzI1NiJ9.eyJjYWZlVHlwZSI6IkNBRkVfSUQiLCJhcnRpY2xlSWQiOjY3NDA0NSwiaXNzdWVkQXQiOjE3MzI2MDYyNTY4NjYsImNhZmVJZCI6MjEyOTAzNjl9.pxktc6ndJFS7N9Or9PykTwmWPl7AcCc7Sy7gMi6N4gQ&where=search&referrerAllArticles=true
6,논산강경젓갈축제 키즈존 앞 소떡 증정 이벤트 하네요,674036,2024.10.19. 14:14,논산이사,https://cafe.naver.com/ca-fe/ArticleRead.nhn?clubid=21290369&page=1&userDisplay=50&inCafeSearch=true&searchBy=1&query=%EA%B0%95%EA%B2%BD%EC%A0%93%EA%B0%88&includeAll=&exclude=&include=&exact=&searchdate=all&media=0&sortBy=date&articleid=674036&art=aW50ZXJuYWwtY2FmZS1hcnRpY2xlLXJlYWQtaW5DYWZlLXNlYXJjaC1saXN0.eyJ0eXAiOiJKV1QiLCJhbGciOiJIUzI1NiJ9.eyJjYWZlVHlwZSI6IkNBRkVfSUQiLCJhcnRpY2xlSWQiOjY3NDAzNiwiaXNzdWVkQXQiOjE3MzI2MDYyNTY4ODEsImNhZmVJZCI6MjEyOTAzNjl9.vbtcGGvvifrHYzI_UYA0L0qqP4zU005NA4UeBbkhR_g&where=search&referrerAllArticles=true
7,강경젓갈축제,673957,2024.10.18. 11:14,하랑,https://cafe.naver.com/ca-fe/ArticleRead.nhn?clubid=21290369&page=1&userDisplay=50&inCafeSearch=true&searchBy=1&query=%EA%B0%95%EA%B2%BD%EC%A0%93%EA%B0%88&includeAll=&exclude=&include=&exact=&searchdate=all&media=0&sortBy=date&articleid=673957&art=aW50ZXJuYWwtY2FmZS1hcnRpY2xlLXJlYWQtaW5DYWZlLXNlYXJjaC1saXN0.eyJ0eXAiOiJKV1QiLCJhbGciOiJIUzI1NiJ9.eyJjYWZlVHlwZSI6IkNBRkVfSUQiLCJhcnRpY2xlSWQiOjY3Mzk1NywiaXNzdWVkQXQiOjE3MzI2MDYyNTY4OTQsImNhZmVJZCI6MjEyOTAzNjl9.tm_bCWh2fVwvu3Z1Y3r6i3A_gY-qNcrHsYHvsD37U4Y&where=search&referrerAllArticles=true
8,강경젓갈축제 체험이요..하..,673919,2024.10.17. 20:15,사랑맘1901,https://cafe.naver.com/ca-fe/ArticleRead.nhn?clubid=21290369&page=1&userDisplay=50&inCafeSearch=true&searchBy=1&query=%EA%B0%95%EA%B2%BD%EC%A0%93%EA%B0%88&includeAll=&exclude=&include=&exact=&searchdate=all&media=0&sortBy=date&articleid=673919&art=aW50ZXJuYWwtY2FmZS1hcnRpY2xlLXJlYWQtaW5DYWZlLXNlYXJjaC1saXN0.eyJ0eXAiOiJKV1QiLCJhbGciOiJIUzI1NiJ9.eyJjYWZlVHlwZSI6IkNBRkVfSUQiLCJhcnRpY2xlSWQiOjY3MzkxOSwiaXNzdWVkQXQiOjE3MzI2MDYyNTY5MDgsImNhZmVJZCI6MjEyOTAzNjl9.nxPxsDUJGFkYZ_V0TTQCfHGTpiKevUb01_AMrlWD6u0&where=search&referrerAllArticles=true
9,강경젓갈축제 셔틀버스? 순환버스?,673913,2024.10.17. 19:42,우니의 태리,https://cafe.naver.com/ca-fe/ArticleRead.nhn?clubid=21290369&page=1&userDisplay=50&inCafeSearch=true&searchBy=1&query=%EA%B0%95%EA%B2%BD%EC%A0%93%EA%B0%88&includeAll=&exclude=&include=&exact=&searchdate=all&media=0&sortBy=date&articleid=673913&art=aW50ZXJuYWwtY2FmZS1hcnRpY2xlLXJlYWQtaW5DYWZlLXNlYXJjaC1saXN0.eyJ0eXAiOiJKV1QiLCJhbGciOiJIUzI1NiJ9.eyJjYWZlVHlwZSI6IkNBRkVfSUQiLCJhcnRpY2xlSWQiOjY3MzkxMywiaXNzdWVkQXQiOjE3MzI2MDYyNTY5MjMsImNhZmVJZCI6MjEyOTAzNjl9.2TEkq0Vs_3xeo4vumTtSfmbPoHCssbCBtQ5lV7Gw3F0&where=search&referrerAllArticles=true
10,강경젓갈축제 정보,673911,2024.10.17. 19:20,망고팅,https://cafe.naver.com/ca-fe/ArticleRead.nhn?clubid=21290369&page=1&userDisplay=50&inCafeSearch=true&searchBy=1&query=%EA%B0%95%EA%B2%BD%EC%A0%93%EA%B0%88&includeAll=&exclude=&include=&exact=&searchdate=all&media=0&sortBy=date&articleid=673911&art=aW50ZXJuYWwtY2FmZS1hcnRpY2xlLXJlYWQtaW5DYWZlLXNlYXJjaC1saXN0.eyJ0eXAiOiJKV1QiLCJhbGciOiJIUzI1NiJ9.eyJjYWZlVHlwZSI6IkNBRkVfSUQiLCJhcnRpY2xlSWQiOjY3MzkxMSwiaXNzdWVkQXQiOjE3MzI2MDYyNTY5MzcsImNhZmVJZCI6MjEyOTAzNjl9.TnKQ5jYIVrdrD5h7TqWperCOktxSShY65gTumTMHFS4&where=search&referrerAllArticles=true
11,강경젓갈축제,673902,2024.10.17. 18:18,하랑,https://cafe.naver.com/ca-fe/ArticleRead.nhn?clubid=21290369&page=1&userDisplay=50&inCafeSearch=true&searchBy=1&query=%EA%B0%95%EA%B2%BD%EC%A0%93%EA%B0%88&includeAll=&exclude=&include=&exact=&searchdate=all&media=0&sortBy=date&articleid=673902&art=aW50ZXJuYWwtY2FmZS1hcnRpY2xlLXJlYWQtaW5DYWZlLXNlYXJjaC1saXN0.eyJ0eXAiOiJKV1QiLCJhbGciOiJIUzI1NiJ9.eyJjYWZlVHlwZSI6IkNBRkVfSUQiLCJhcnRpY2xlSWQiOjY3MzkwMiwiaXNzdWVkQXQiOjE3MzI2MDYyNTY5NTAsImNhZmVJZCI6MjEyOTAzNjl9.xmCCtTMki-lkDvDKd0aQMHLmLQACBMzmJq7gEbi63TU&where=search&referrerAllArticles=true
12,강경젓갈 축제 김치 살 곳?,673901,2024.10.17. 18:09,사랑둥이,https://cafe.naver.com/ca-fe/ArticleRead.nhn?clubid=21290369&page=1&userDisplay=50&inCafeSearch=true&searchBy=1&query=%EA%B0%95%EA%B2%BD%EC%A0%93%EA%B0%88&includeAll=&exclude=&include=&exact=&searchdate=all&media=0&sortBy=date&articleid=673901&art=aW50ZXJuYWwtY2FmZS1hcnRpY2xlLXJlYWQtaW5DYWZlLXNlYXJjaC1saXN0.eyJ0eXAiOiJKV1QiLCJhbGciOiJIUzI1NiJ9.eyJjYWZlVHlwZSI6IkNBRkVfSUQiLCJhcnRpY2xlSWQiOjY3MzkwMSwiaXNzdWVkQXQiOjE3MzI2MDYyNTY5NjMsImNhZmVJZCI6MjEyOTAzNjl9.Pu9K8XmxC33devZPs6FTIrVVSHc6MA6tfbQvsz8icPc&where=search&referrerAllArticles=true
13,강경젓갈축제 사과 맛나네요~,673898,2024.10.17. 17:54,gdjklg,https://cafe.naver.com/ca-fe/ArticleRead.nhn?clubid=21290369&page=1&userDisplay=50&inCafeSearch=true&searchBy=1&query=%EA%B0%95%EA%B2%BD%EC%A0%93%EA%B0%88&includeAll=&exclude=&include=&exact=&searchdate=all&media=0&sortBy=date&articleid=673898&art=aW50ZXJuYWwtY2FmZS1hcnRpY2xlLXJlYWQtaW5DYWZlLXNlYXJjaC1saXN0.eyJ0eXAiOiJKV1QiLCJhbGciOiJIUzI1NiJ9.eyJjYWZlVHlwZSI6IkNBRkVfSUQiLCJhcnRpY2xlSWQiOjY3Mzg5OCwiaXNzdWVkQXQiOjE3MzI2MDYyNTY5NzcsImNhZmVJZCI6MjEyOTAzNjl9.8hYKnUgrrxz58SIEwsgSuh7M7i25nJDBHtf1VBcIv_E&where=search&referrerAllArticles=true
14,강경젓갈 축제,673869,2024.10.17. 13:08,찌이,https://cafe.naver.com/ca-fe/ArticleRead.nhn?clubid=21290369&page=1&userDisplay=50&inCafeSearch=true&searchBy=1&query=%EA%B0%95%EA%B2%BD%EC%A0%93%EA%B0%88&includeAll=&exclude=&include=&exact=&searchdate=all&media=0&sortBy=date&articleid=673869&art=aW50ZXJuYWwtY2FmZS1hcnRpY2xlLXJlYWQtaW5DYWZlLXNlYXJjaC1saXN0.eyJ0eXAiOiJKV1QiLCJhbGciOiJIUzI1NiJ9.eyJjYWZlVHlwZSI6IkNBRkVfSUQiLCJhcnRpY2xlSWQiOjY3Mzg2OSwiaXNzdWVkQXQiOjE3MzI2MDYyNTY5OTgsImNhZmVJZCI6MjEyOTAzNjl9.UIYjD_cYhRc2rxX5Jo33t-w-nYgtbbuiM7k5uqXrXWs&where=search&referrerAllArticles=true
15,강경 젓갈 축제기간 중 비 소식이 있던데..,673802,2024.10.16. 19:17,이젠집밥해먹자,https://cafe.naver.com/ca-fe/ArticleRead.nhn?clubid=21290369&page=1&userDisplay=50&inCafeSearch=true&searchBy=1&query=%EA%B0%95%EA%B2%BD%EC%A0%93%EA%B0%88&includeAll=&exclude=&include=&exact=&searchdate=all&media=0&sortBy=date&articleid=673802&art=aW50ZXJuYWwtY2FmZS1hcnRpY2xlLXJlYWQtaW5DYWZlLXNlYXJjaC1saXN0.eyJ0eXAiOiJKV1QiLCJhbGciOiJIUzI1NiJ9.eyJjYWZlVHlwZSI6IkNBRkVfSUQiLCJhcnRpY2xlSWQiOjY3MzgwMiwiaXNzdWVkQXQiOjE3MzI2MDYyNTcwMTksImNhZmVJZCI6MjEyOTAzNjl9.2eyGl4pz6bBvub2KlRH5TaeyBMMXyKymnRAwYL7EfvU&where=search&referrerAllArticles=true
16,[강경젓갈축제]문화누리카드 축제가맹점 안내,673773,2024.10.16. 14:20,용용2다잉,https://cafe.naver.com/ca-fe/ArticleRead.nhn?clubid=21290369&page=1&userDisplay=50&inCafeSearch=true&searchBy=1&query=%EA%B0%95%EA%B2%BD%EC%A0%93%EA%B0%88&includeAll=&exclude=&include=&exact=&searchdate=all&media=0&sortBy=date&articleid=673773&art=aW50ZXJuYWwtY2FmZS1hcnRpY2xlLXJlYWQtaW5DYWZlLXNlYXJjaC1saXN0.eyJ0eXAiOiJKV1QiLCJhbGciOiJIUzI1NiJ9.eyJjYWZlVHlwZSI6IkNBRkVfSUQiLCJhcnRpY2xlSWQiOjY3Mzc3MywiaXNzdWVkQXQiOjE3MzI2MDYyNTcwMzcsImNhZmVJZCI6MjEyOTAzNjl9.e2eX0SmamWhbfE2GSJnNqj8Nfv_AFXkdIXoC0yOuGUo&where=search&referrerAllArticles=true
17,강경젓갈축제 문화누리카드 이벤트,673767,2024.10.16. 14:08,용용2다잉,https://cafe.naver.com/ca-fe/ArticleRead.nhn?clubid=21290369&page=1&userDisplay=50&inCafeSearch=true&searchBy=1&query=%EA%B0%95%EA%B2%BD%EC%A0%93%EA%B0%88&includeAll=&exclude=&include=&exact=&searchdate=all&media=0&sortBy=date&articleid=673767&art=aW50ZXJuYWwtY2FmZS1hcnRpY2xlLXJlYWQtaW5DYWZlLXNlYXJjaC1saXN0.eyJ0eXAiOiJKV1QiLCJhbGciOiJIUzI1NiJ9.eyJjYWZlVHlwZSI6IkNBRkVfSUQiLCJhcnRpY2xlSWQiOjY3Mzc2NywiaXNzdWVkQXQiOjE3MzI2MDYyNTcwNTQsImNhZmVJZCI6MjEyOTAzNjl9.YaAGs0A5ZghecVHj2NakTG-SalO8IMQJ9BTMOmj_D_w&where=search&referrerAllArticles=true
18,2024 강경젓갈축제 안내(변경사항 포함),673763,2024.10.16. 13:29,논산시 홍보협력실,https://cafe.naver.com/ca-fe/ArticleRead.nhn?clubid=21290369&page=1&userDisplay=50&inCafeSearch=true&searchBy=1&query=%EA%B0%95%EA%B2%BD%EC%A0%93%EA%B0%88&includeAll=&exclude=&include=&exact=&searchdate=all&media=0&sortBy=date&articleid=673763&art=aW50ZXJuYWwtY2FmZS1hcnRpY2xlLXJlYWQtaW5DYWZlLXNlYXJjaC1saXN0.eyJ0eXAiOiJKV1QiLCJhbGciOiJIUzI1NiJ9.eyJjYWZlVHlwZSI6IkNBRkVfSUQiLCJhcnRpY2xlSWQiOjY3Mzc2MywiaXNzdWVkQXQiOjE3MzI2MDYyNTcwNzMsImNhZmVJZCI6MjEyOTAzNjl9.OiAOjrrD6TnsSEpreMCqimWmYG_45o4d0JOzPkNrGyg&where=search&referrerAllArticles=true
19,??강경젓갈축제(베베핀 해피콘서트)??,673749,2024.10.16. 09:52,물고기,https://cafe.naver.com/ca-fe/ArticleRead.nhn?clubid=21290369&page=1&userDisplay=50&inCafeSearch=true&searchBy=1&query=%EA%B0%95%EA%B2%BD%EC%A0%93%EA%B0%88&includeAll=&exclude=&include=&exact=&searchdate=all&media=0&sortBy=date&articleid=673749&art=aW50ZXJuYWwtY2FmZS1hcnRpY2xlLXJlYWQtaW5DYWZlLXNlYXJjaC1saXN0.eyJ0eXAiOiJKV1QiLCJhbGciOiJIUzI1NiJ9.eyJjYWZlVHlwZSI6IkNBRkVfSUQiLCJhcnRpY2xlSWQiOjY3Mzc0OSwiaXNzdWVkQXQiOjE3MzI2MDYyNTcwODksImNhZmVJZCI6MjEyOTAzNjl9.nhegv36_wz9H62VRBf9NfwE5OufP1PYm1ZplXZzK0Ec&where=search&referrerAllArticles=true
20,강경 젓갈 말고 뭐 있는데?,673715,2024.10.15. 18:26,논산시 홍보협력실,https://cafe.naver.com/ca-fe/ArticleRead.nhn?clubid=21290369&page=1&userDisplay=50&inCafeSearch=true&searchBy=1&query=%EA%B0%95%EA%B2%BD%EC%A0%93%EA%B0%88&includeAll=&exclude=&include=&exact=&searchdate=all&media=0&sortBy=date&articleid=673715&art=aW50ZXJuYWwtY2FmZS1hcnRpY2xlLXJlYWQtaW5DYWZlLXNlYXJjaC1saXN0.eyJ0eXAiOiJKV1QiLCJhbGciOiJIUzI1NiJ9.eyJjYWZlVHlwZSI6IkNBRkVfSUQiLCJhcnRpY2xlSWQiOjY3MzcxNSwiaXNzdWVkQXQiOjE3MzI2MDYyNTcxMDIsImNhZmVJZCI6MjEyOTAzNjl9.KGQJ1FcLfS8lHmPYMPBCvMZTFfDUsep25RpQLyGdgFc&where=search&referrerAllArticles=true
21,2024 강경젓갈축제 세부일정 등 안내,673643,2024.10.14. 21:26,논산시 홍보협력실,https://cafe.naver.com/ca-fe/ArticleRead.nhn?clubid=21290369&page=1&userDisplay=50&inCafeSearch=true&searchBy=1&query=%EA%B0%95%EA%B2%BD%EC%A0%93%EA%B0%88&includeAll=&exclude=&include=&exact=&searchdate=all&media=0&sortBy=date&articleid=673643&art=aW50ZXJuYWwtY2FmZS1hcnRpY2xlLXJlYWQtaW5DYWZlLXNlYXJjaC1saXN0.eyJ0eXAiOiJKV1QiLCJhbGciOiJIUzI1NiJ9.eyJjYWZlVHlwZSI6IkNBRkVfSUQiLCJhcnRpY2xlSWQiOjY3MzY0MywiaXNzdWVkQXQiOjE3MzI2MDYyNTcxMTYsImNhZmVJZCI6MjEyOTAzNjl9.MoffHo4T6mUdYWK5Y53qPU4e-bSKgAiVbKBkUhZH918&where=search&referrerAllArticles=true
22,2024 강경젓갈축제 홍보 영상,673536,2024.10.13. 16:44,논산시 홍보협력실,https://cafe.naver.com/ca-fe/ArticleRead.nhn?clubid=21290369&page=1&userDisplay=50&inCafeSearch=true&searchBy=1&query=%EA%B0%95%EA%B2%BD%EC%A0%93%EA%B0%88&includeAll=&exclude=&include=&exact=&searchdate=all&media=0&sortBy=date&articleid=673536&art=aW50ZXJuYWwtY2FmZS1hcnRpY2xlLXJlYWQtaW5DYWZlLXNlYXJjaC1saXN0.eyJ0eXAiOiJKV1QiLCJhbGciOiJIUzI1NiJ9.eyJjYWZlVHlwZSI6IkNBRkVfSUQiLCJhcnRpY2xlSWQiOjY3MzUzNiwiaXNzdWVkQXQiOjE3MzI2MDYyNTcxMzIsImNhZmVJZCI6MjEyOTAzNjl9.OHiltueTj3FTm70pj1StXsGfcttOWgDBHvwRHQZwAjA&where=search&referrerAllArticles=true
23,2024 강경젓갈축제 안내,673535,2024.10.13. 16:42,논산시 홍보협력실,https://cafe.naver.com/ca-fe/ArticleRead.nhn?clubid=21290369&page=1&userDisplay=50&inCafeSearch=true&searchBy=1&query=%EA%B0%95%EA%B2%BD%EC%A0%93%EA%B0%88&includeAll=&exclude=&include=&exact=&searchdate=all&media=0&sortBy=date&articleid=673535&art=aW50ZXJuYWwtY2FmZS1hcnRpY2xlLXJlYWQtaW5DYWZlLXNlYXJjaC1saXN0.eyJ0eXAiOiJKV1QiLCJhbGciOiJIUzI1NiJ9.eyJjYWZlVHlwZSI6IkNBRkVfSUQiLCJhcnRpY2xlSWQiOjY3MzUzNSwiaXNzdWVkQXQiOjE3MzI2MDYyNTcxNDUsImNhZmVJZCI6MjEyOTAzNjl9.1z9OoWdIbghseptGSrD_T2SP3-5a33TDm0Ot9Bbf5Sc&where=search&referrerAllArticles=true
24,2024강경젓갈축제!베베핀 키즈존 안내,673534,2024.10.13. 16:41,논산시 홍보협력실,https://cafe.naver.com/ca-fe/ArticleRead.nhn?clubid=21290369&page=1&userDisplay=50&inCafeSearch=true&searchBy=1&query=%EA%B0%95%EA%B2%BD%EC%A0%93%EA%B0%88&includeAll=&exclude=&include=&exact=&searchdate=all&media=0&sortBy=date&articleid=673534&art=aW50ZXJuYWwtY2FmZS1hcnRpY2xlLXJlYWQtaW5DYWZlLXNlYXJjaC1saXN0.eyJ0eXAiOiJKV1QiLCJhbGciOiJIUzI1NiJ9.eyJjYWZlVHlwZSI6IkNBRkVfSUQiLCJhcnRpY2xlSWQiOjY3MzUzNCwiaXNzdWVkQXQiOjE3MzI2MDYyNTcxNjAsImNhZmVJZCI6MjEyOTAzNjl9.27AUy_28zZH1duDu6Jt6V5w8cv-rR9Er3iz-Z2XceJQ&where=search&referrerAllArticles=true
25,KBS대전 아침마당 영상 안내(2024강경젓갈축제 홍보),673519,2024.10.13. 11:28,논산시 홍보협력실,https://cafe.naver.com/ca-fe/ArticleRead.nhn?clubid=21290369&page=1&userDisplay=50&inCafeSearch=true&searchBy=1&query=%EA%B0%95%EA%B2%BD%EC%A0%93%EA%B0%88&includeAll=&exclude=&include=&exact=&searchdate=all&media=0&sortBy=date&articleid=673519&art=aW50ZXJuYWwtY2FmZS1hcnRpY2xlLXJlYWQtaW5DYWZlLXNlYXJjaC1saXN0.eyJ0eXAiOiJKV1QiLCJhbGciOiJIUzI1NiJ9.eyJjYWZlVHlwZSI6IkNBRkVfSUQiLCJhcnRpY2xlSWQiOjY3MzUxOSwiaXNzdWVkQXQiOjE3MzI2MDYyNTcxNzUsImNhZmVJZCI6MjEyOTAzNjl9.b-BJ8qZxeB_dtoHc1XTYMgjD8DVnUEbKtNPpfoCP268&where=search&referrerAllArticles=true
26,2024 강경젓갈축제 안내,673496,2024.10.12. 21:42,논산시 홍보협력실,https://cafe.naver.com/ca-fe/ArticleRead.nhn?clubid=21290369&page=1&userDisplay=50&inCafeSearch=true&searchBy=1&query=%EA%B0%95%EA%B2%BD%EC%A0%93%EA%B0%88&includeAll=&exclude=&include=&exact=&searchdate=all&media=0&sortBy=date&articleid=673496&art=aW50ZXJuYWwtY2FmZS1hcnRpY2xlLXJlYWQtaW5DYWZlLXNlYXJjaC1saXN0.eyJ0eXAiOiJKV1QiLCJhbGciOiJIUzI1NiJ9.eyJjYWZlVHlwZSI6IkNBRkVfSUQiLCJhcnRpY2xlSWQiOjY3MzQ5NiwiaXNzdWVkQXQiOjE3MzI2MDYyNTcxODksImNhZmVJZCI6MjEyOTAzNjl9.T8dSwDeCHxRed35HbZHDrqOWl9w8ucnOiy43hZvgBkI&where=search&referrerAllArticles=true
27,[강경산소금문학관]영원한 청년작가 박범신 토크쇼(10.19.강경젓갈축제기간),673395,2024.10.11. 16:19,우기마미,https://cafe.naver.com/ca-fe/ArticleRead.nhn?clubid=21290369&page=1&userDisplay=50&inCafeSearch=true&searchBy=1&query=%EA%B0%95%EA%B2%BD%EC%A0%93%EA%B0%88&includeAll=&exclude=&include=&exact=&searchdate=all&media=0&sortBy=date&articleid=673395&art=aW50ZXJuYWwtY2FmZS1hcnRpY2xlLXJlYWQtaW5DYWZlLXNlYXJjaC1saXN0.eyJ0eXAiOiJKV1QiLCJhbGciOiJIUzI1NiJ9.eyJjYWZlVHlwZSI6IkNBRkVfSUQiLCJhcnRpY2xlSWQiOjY3MzM5NSwiaXNzdWVkQXQiOjE3MzI2MDYyNTcyMDYsImNhZmVJZCI6MjEyOTAzNjl9.ojWd_xeI-T7c_yTl68usFNX_DZOoSm63rGCfZ-XBk0w&where=search&referrerAllArticles=true
28,"논산시, 강경젓갈축제 대비 식품 안전 관리 강화",673350,2024.10.10. 23:49,논산시 홍보협력실,https://cafe.naver.com/ca-fe/ArticleRead.nhn?clubid=21290369&page=1&userDisplay=50&inCafeSearch=true&searchBy=1&query=%EA%B0%95%EA%B2%BD%EC%A0%93%EA%B0%88&includeAll=&exclude=&include=&exact=&searchdate=all&media=0&sortBy=date&articleid=673350&art=aW50ZXJuYWwtY2FmZS1hcnRpY2xlLXJlYWQtaW5DYWZlLXNlYXJjaC1saXN0.eyJ0eXAiOiJKV1QiLCJhbGciOiJIUzI1NiJ9.eyJjYWZlVHlwZSI6IkNBRkVfSUQiLCJhcnRpY2xlSWQiOjY3MzM1MCwiaXNzdWVkQXQiOjE3MzI2MDYyNTcyMjIsImNhZmVJZCI6MjEyOTAzNjl9.dOSuGSes_Qwkc9JsIIkJ2HY6sX6nVgGAThnRi16ULks&where=search&referrerAllArticles=true
29,논산의 가치 같이 - 강경젓갈편 프로그램 참여 가정을 모집합니다!,672647,2024.10.02. 13:35,논산시가족센터4,https://cafe.naver.com/ca-fe/ArticleRead.nhn?clubid=21290369&page=1&userDisplay=50&inCafeSearch=true&searchBy=1&query=%EA%B0%95%EA%B2%BD%EC%A0%93%EA%B0%88&includeAll=&exclude=&include=&exact=&searchdate=all&media=0&sortBy=date&articleid=672647&art=aW50ZXJuYWwtY2FmZS1hcnRpY2xlLXJlYWQtaW5DYWZlLXNlYXJjaC1saXN0.eyJ0eXAiOiJKV1QiLCJhbGciOiJIUzI1NiJ9.eyJjYWZlVHlwZSI6IkNBRkVfSUQiLCJhcnRpY2xlSWQiOjY3MjY0NywiaXNzdWVkQXQiOjE3MzI2MDYyNTcyMzYsImNhZmVJZCI6MjEyOTAzNjl9.C2uiF5L9sQpjSjvBG24pDfuTnXli9QMisQwBhp9C9QY&where=search&referrerAllArticles=true
30,강경 젓갈축제,672405,2024.09.29. 15:04,반가워요,https://cafe.naver.com/ca-fe/ArticleRead.nhn?clubid=21290369&page=1&userDisplay=50&inCafeSearch=true&searchBy=1&query=%EA%B0%95%EA%B2%BD%EC%A0%93%EA%B0%88&includeAll=&exclude=&include=&exact=&searchdate=all&media=0&sortBy=date&articleid=672405&art=aW50ZXJuYWwtY2FmZS1hcnRpY2xlLXJlYWQtaW5DYWZlLXNlYXJjaC1saXN0.eyJ0eXAiOiJKV1QiLCJhbGciOiJIUzI1NiJ9.eyJjYWZlVHlwZSI6IkNBRkVfSUQiLCJhcnRpY2xlSWQiOjY3MjQwNSwiaXNzdWVkQXQiOjE3MzI2MDYyNTcyNTIsImNhZmVJZCI6MjEyOTAzNjl9.JAgf5-VIWHnPQFX-cwheDcajYzdkLDByq91I2msaXy0&where=search&referrerAllArticles=true
31,"""논산 특산물로 신메뉴 개발"" 강경젓갈축제서 맛보세요",672314,2024.09.27. 22:59,논산시 홍보협력실,https://cafe.naver.com/ca-fe/ArticleRead.nhn?clubid=21290369&page=1&userDisplay=50&inCafeSearch=true&searchBy=1&query=%EA%B0%95%EA%B2%BD%EC%A0%93%EA%B0%88&includeAll=&exclude=&include=&exact=&searchdate=all&media=0&sortBy=date&articleid=672314&art=aW50ZXJuYWwtY2FmZS1hcnRpY2xlLXJlYWQtaW5DYWZlLXNlYXJjaC1saXN0.eyJ0eXAiOiJKV1QiLCJhbGciOiJIUzI1NiJ9.eyJjYWZlVHlwZSI6IkNBRkVfSUQiLCJhcnRpY2xlSWQiOjY3MjMxNCwiaXNzdWVkQXQiOjE3MzI2MDYyNTcyNjksImNhZmVJZCI6MjEyOTAzNjl9.RNmfSPk4PdmwD2x0Z4ef1asmeBycMPx3QM2K5Yj4MNU&where=search&referrerAllArticles=true
32,강경젓갈 구절판 ??,670017,2024.08.30. 17:50,투유맘,https://cafe.naver.com/ca-fe/ArticleRead.nhn?clubid=21290369&page=1&userDisplay=50&inCafeSearch=true&searchBy=1&query=%EA%B0%95%EA%B2%BD%EC%A0%93%EA%B0%88&includeAll=&exclude=&include=&exact=&searchdate=all&media=0&sortBy=date&articleid=670017&art=aW50ZXJuYWwtY2FmZS1hcnRpY2xlLXJlYWQtaW5DYWZlLXNlYXJjaC1saXN0.eyJ0eXAiOiJKV1QiLCJhbGciOiJIUzI1NiJ9.eyJjYWZlVHlwZSI6IkNBRkVfSUQiLCJhcnRpY2xlSWQiOjY3MDAxNywiaXNzdWVkQXQiOjE3MzI2MDYyNTcyODcsImNhZmVJZCI6MjEyOTAzNjl9.Csy_dqOF6usU26WVDsdJSRnRYf2m8-6DqtWVSzpWMjM&where=search&referrerAllArticles=true
33,2024 강경젓갈축제 강경젓갈·상월고구마 캐릭터 디자인 공모전 개최 안내,662266,2024.05.30. 11:44,관광축제팀,https://cafe.naver.com/ca-fe/ArticleRead.nhn?clubid=21290369&page=1&userDisplay=50&inCafeSearch=true&searchBy=1&query=%EA%B0%95%EA%B2%BD%EC%A0%93%EA%B0%88&includeAll=&exclude=&include=&exact=&searchdate=all&media=0&sortBy=date&articleid=662266&art=aW50ZXJuYWwtY2FmZS1hcnRpY2xlLXJlYWQtaW5DYWZlLXNlYXJjaC1saXN0.eyJ0eXAiOiJKV1QiLCJhbGciOiJIUzI1NiJ9.eyJjYWZlVHlwZSI6IkNBRkVfSUQiLCJhcnRpY2xlSWQiOjY2MjI2NiwiaXNzdWVkQXQiOjE3MzI2MDYyNTczMDUsImNhZmVJZCI6MjEyOTAzNjl9.TOVNcgLjWQT64NwBHcpze5aejMxCvhB-qiIxy8juEFs&where=search&referrerAllArticles=true
34,강경젓갈 구매시 온누리상품권 환급,655508,2024.03.13. 17:19,겨자씨,https://cafe.naver.com/ca-fe/ArticleRead.nhn?clubid=21290369&page=1&userDisplay=50&inCafeSearch=true&searchBy=1&query=%EA%B0%95%EA%B2%BD%EC%A0%93%EA%B0%88&includeAll=&exclude=&include=&exact=&searchdate=all&media=0&sortBy=date&articleid=655508&art=aW50ZXJuYWwtY2FmZS1hcnRpY2xlLXJlYWQtaW5DYWZlLXNlYXJjaC1saXN0.eyJ0eXAiOiJKV1QiLCJhbGciOiJIUzI1NiJ9.eyJjYWZlVHlwZSI6IkNBRkVfSUQiLCJhcnRpY2xlSWQiOjY1NTUwOCwiaXNzdWVkQXQiOjE3MzI2MDYyNTczMjUsImNhZmVJZCI6MjEyOTAzNjl9.cJDzV5L5Zkcl8tZagJB2HQPFbuPHJmk9E6MtotRtXK8&where=search&referrerAllArticles=true
35,강경젓갈축제 떡갈비,641483,2023.10.22. 20:31,뚱심이,https://cafe.naver.com/ca-fe/ArticleRead.nhn?clubid=21290369&page=1&userDisplay=50&inCafeSearch=true&searchBy=1&query=%EA%B0%95%EA%B2%BD%EC%A0%93%EA%B0%88&includeAll=&exclude=&include=&exact=&searchdate=all&media=0&sortBy=date&articleid=641483&art=aW50ZXJuYWwtY2FmZS1hcnRpY2xlLXJlYWQtaW5DYWZlLXNlYXJjaC1saXN0.eyJ0eXAiOiJKV1QiLCJhbGciOiJIUzI1NiJ9.eyJjYWZlVHlwZSI6IkNBRkVfSUQiLCJhcnRpY2xlSWQiOjY0MTQ4MywiaXNzdWVkQXQiOjE3MzI2MDYyNTczNDQsImNhZmVJZCI6MjEyOTAzNjl9.N9aoE1EDp_saZryRT_zlebYjxxSVQo3PzL_VHM5LI_A&where=search&referrerAllArticles=true
36,강경젓갈김치 담그기,641460,2023.10.22. 15:53,겨자씨,https://cafe.naver.com/ca-fe/ArticleRead.nhn?clubid=21290369&page=1&userDisplay=50&inCafeSearch=true&searchBy=1&query=%EA%B0%95%EA%B2%BD%EC%A0%93%EA%B0%88&includeAll=&exclude=&include=&exact=&searchdate=all&media=0&sortBy=date&articleid=641460&art=aW50ZXJuYWwtY2FmZS1hcnRpY2xlLXJlYWQtaW5DYWZlLXNlYXJjaC1saXN0.eyJ0eXAiOiJKV1QiLCJhbGciOiJIUzI1NiJ9.eyJjYWZlVHlwZSI6IkNBRkVfSUQiLCJhcnRpY2xlSWQiOjY0MTQ2MCwiaXNzdWVkQXQiOjE3MzI2MDYyNTczNjIsImNhZmVJZCI6MjEyOTAzNjl9.JUU7trKnPy5EVId6wB0g6XL8e7bDkMcAfU_1x8ulUsc&where=search&referrerAllArticles=true
37,강경 젓갈축제 순환버스요,641419,2023.10.22. 08:54,시작,https://cafe.naver.com/ca-fe/ArticleRead.nhn?clubid=21290369&page=1&userDisplay=50&inCafeSearch=true&searchBy=1&query=%EA%B0%95%EA%B2%BD%EC%A0%93%EA%B0%88&includeAll=&exclude=&include=&exact=&searchdate=all&media=0&sortBy=date&articleid=641419&art=aW50ZXJuYWwtY2FmZS1hcnRpY2xlLXJlYWQtaW5DYWZlLXNlYXJjaC1saXN0.eyJ0eXAiOiJKV1QiLCJhbGciOiJIUzI1NiJ9.eyJjYWZlVHlwZSI6IkNBRkVfSUQiLCJhcnRpY2xlSWQiOjY0MTQxOSwiaXNzdWVkQXQiOjE3MzI2MDYyNTczNzcsImNhZmVJZCI6MjEyOTAzNjl9.7Md1ICxmaWkEWZuy9eOCf-s5PzmGXa6Rt38tm_cmdAQ&where=search&referrerAllArticles=true
38,강경젓갈축제 순환버스 궁금해요.,641400,2023.10.21. 21:23,melodia,https://cafe.naver.com/ca-fe/ArticleRead.nhn?clubid=21290369&page=1&userDisplay=50&inCafeSearch=true&searchBy=1&query=%EA%B0%95%EA%B2%BD%EC%A0%93%EA%B0%88&includeAll=&exclude=&include=&exact=&searchdate=all&media=0&sortBy=date&articleid=641400&art=aW50ZXJuYWwtY2FmZS1hcnRpY2xlLXJlYWQtaW5DYWZlLXNlYXJjaC1saXN0.eyJ0eXAiOiJKV1QiLCJhbGciOiJIUzI1NiJ9.eyJjYWZlVHlwZSI6IkNBRkVfSUQiLCJhcnRpY2xlSWQiOjY0MTQwMCwiaXNzdWVkQXQiOjE3MzI2MDYyNTczOTAsImNhZmVJZCI6MjEyOTAzNjl9.nUjADvTJyZPM-gyhFg1u8Hd2_0Ek89qB6nvGKZHV4JI&where=search&referrerAllArticles=true
39,강경젓갈축제 셋째 날??,641380,2023.10.21. 16:51,겨자씨,https://cafe.naver.com/ca-fe/ArticleRead.nhn?clubid=21290369&page=1&userDisplay=50&inCafeSearch=true&searchBy=1&query=%EA%B0%95%EA%B2%BD%EC%A0%93%EA%B0%88&includeAll=&exclude=&include=&exact=&searchdate=all&media=0&sortBy=date&articleid=641380&art=aW50ZXJuYWwtY2FmZS1hcnRpY2xlLXJlYWQtaW5DYWZlLXNlYXJjaC1saXN0.eyJ0eXAiOiJKV1QiLCJhbGciOiJIUzI1NiJ9.eyJjYWZlVHlwZSI6IkNBRkVfSUQiLCJhcnRpY2xlSWQiOjY0MTM4MCwiaXNzdWVkQXQiOjE3MzI2MDYyNTc0MDUsImNhZmVJZCI6MjEyOTAzNjl9.jX53XHhikM2JuOVSXPy1yDCqnjneZlIg5xkDXhq3K4Q&where=search&referrerAllArticles=true
40,강경젓갈축제 둘째날 풍경,641308,2023.10.20. 17:48,겨자씨,https://cafe.naver.com/ca-fe/ArticleRead.nhn?clubid=21290369&page=1&userDisplay=50&inCafeSearch=true&searchBy=1&query=%EA%B0%95%EA%B2%BD%EC%A0%93%EA%B0%88&includeAll=&exclude=&include=&exact=&searchdate=all&media=0&sortBy=date&articleid=641308&art=aW50ZXJuYWwtY2FmZS1hcnRpY2xlLXJlYWQtaW5DYWZlLXNlYXJjaC1saXN0.eyJ0eXAiOiJKV1QiLCJhbGciOiJIUzI1NiJ9.eyJjYWZlVHlwZSI6IkNBRkVfSUQiLCJhcnRpY2xlSWQiOjY0MTMwOCwiaXNzdWVkQXQiOjE3MzI2MDYyNTc0ODQsImNhZmVJZCI6MjEyOTAzNjl9.KcSLT4bNTLSCXUw7B0JigR_Lx43HFAv0m0v436qez_g&where=search&referrerAllArticles=true
41,강경젓갈축제요,641306,2023.10.20. 17:35,호호아,https://cafe.naver.com/ca-fe/ArticleRead.nhn?clubid=21290369&page=1&userDisplay=50&inCafeSearch=true&searchBy=1&query=%EA%B0%95%EA%B2%BD%EC%A0%93%EA%B0%88&includeAll=&exclude=&include=&exact=&searchdate=all&media=0&sortBy=date&articleid=641306&art=aW50ZXJuYWwtY2FmZS1hcnRpY2xlLXJlYWQtaW5DYWZlLXNlYXJjaC1saXN0.eyJ0eXAiOiJKV1QiLCJhbGciOiJIUzI1NiJ9.eyJjYWZlVHlwZSI6IkNBRkVfSUQiLCJhcnRpY2xlSWQiOjY0MTMwNiwiaXNzdWVkQXQiOjE3MzI2MDYyNTc0OTksImNhZmVJZCI6MjEyOTAzNjl9.puezZwZ20-kIBOe1s3LXNyHth4Kl34q5mCr-GlMdm6Y&where=search&referrerAllArticles=true
42,강경젓갈축제 아이 놀이기구 있을까요?,641298,2023.10.20. 16:33,유콰한그녀v소띠,https://cafe.naver.com/ca-fe/ArticleRead.nhn?clubid=21290369&page=1&userDisplay=50&inCafeSearch=true&searchBy=1&query=%EA%B0%95%EA%B2%BD%EC%A0%93%EA%B0%88&includeAll=&exclude=&include=&exact=&searchdate=all&media=0&sortBy=date&articleid=641298&art=aW50ZXJuYWwtY2FmZS1hcnRpY2xlLXJlYWQtaW5DYWZlLXNlYXJjaC1saXN0.eyJ0eXAiOiJKV1QiLCJhbGciOiJIUzI1NiJ9.eyJjYWZlVHlwZSI6IkNBRkVfSUQiLCJhcnRpY2xlSWQiOjY0MTI5OCwiaXNzdWVkQXQiOjE3MzI2MDYyNTc1MTQsImNhZmVJZCI6MjEyOTAzNjl9.TNdvef6uqG5hYhZcmXic9_-wP2q-b3ejPUWa69eoyCk&where=search&referrerAllArticles=true
43,강경젓갈축제에서 사과 사왔는데 진짜 맛있네요 ㅎ,641278,2023.10.20. 14:37,먼지언니,https://cafe.naver.com/ca-fe/ArticleRead.nhn?clubid=21290369&page=1&userDisplay=50&inCafeSearch=true&searchBy=1&query=%EA%B0%95%EA%B2%BD%EC%A0%93%EA%B0%88&includeAll=&exclude=&include=&exact=&searchdate=all&media=0&sortBy=date&articleid=641278&art=aW50ZXJuYWwtY2FmZS1hcnRpY2xlLXJlYWQtaW5DYWZlLXNlYXJjaC1saXN0.eyJ0eXAiOiJKV1QiLCJhbGciOiJIUzI1NiJ9.eyJjYWZlVHlwZSI6IkNBRkVfSUQiLCJhcnRpY2xlSWQiOjY0MTI3OCwiaXNzdWVkQXQiOjE3MzI2MDYyNTc1MzEsImNhZmVJZCI6MjEyOTAzNjl9.HJwwTW4j1ZrhuVx5rZYTwcqW0bxlakg_7KHFGLGIHbI&where=search&referrerAllArticles=true
44,강경젓갈축제장으로 가봐요! <SNS 릴스영상>,641236,2023.10.20. 08:22,겨자씨,https://cafe.naver.com/ca-fe/ArticleRead.nhn?clubid=21290369&page=1&userDisplay=50&inCafeSearch=true&searchBy=1&query=%EA%B0%95%EA%B2%BD%EC%A0%93%EA%B0%88&includeAll=&exclude=&include=&exact=&searchdate=all&media=0&sortBy=date&articleid=641236&art=aW50ZXJuYWwtY2FmZS1hcnRpY2xlLXJlYWQtaW5DYWZlLXNlYXJjaC1saXN0.eyJ0eXAiOiJKV1QiLCJhbGciOiJIUzI1NiJ9.eyJjYWZlVHlwZSI6IkNBRkVfSUQiLCJhcnRpY2xlSWQiOjY0MTIzNiwiaXNzdWVkQXQiOjE3MzI2MDYyNTc1NDYsImNhZmVJZCI6MjEyOTAzNjl9.u9hX4eoX4fmUX2rJX7mbfr-qZZ7CQ2rkBr6xTXb7nOw&where=search&referrerAllArticles=true
45,강경젓갈축제 순환버스 궁금해요,641223,2023.10.19. 22:12,natural,https://cafe.naver.com/ca-fe/ArticleRead.nhn?clubid=21290369&page=1&userDisplay=50&inCafeSearch=true&searchBy=1&query=%EA%B0%95%EA%B2%BD%EC%A0%93%EA%B0%88&includeAll=&exclude=&include=&exact=&searchdate=all&media=0&sortBy=date&articleid=641223&art=aW50ZXJuYWwtY2FmZS1hcnRpY2xlLXJlYWQtaW5DYWZlLXNlYXJjaC1saXN0.eyJ0eXAiOiJKV1QiLCJhbGciOiJIUzI1NiJ9.eyJjYWZlVHlwZSI6IkNBRkVfSUQiLCJhcnRpY2xlSWQiOjY0MTIyMywiaXNzdWVkQXQiOjE3MzI2MDYyNTc1NjEsImNhZmVJZCI6MjEyOTAzNjl9.u1U-exxh-O3AqtAV3wHLge4qytTuUvd1AOJaJD3rirQ&where=search&referrerAllArticles=true
46,# 강경젓갈이 상월고구마와 춤을 추다 (영상),641215,2023.10.19. 21:30,nonsanlove,https://cafe.naver.com/ca-fe/ArticleRead.nhn?clubid=21290369&page=1&userDisplay=50&inCafeSearch=true&searchBy=1&query=%EA%B0%95%EA%B2%BD%EC%A0%93%EA%B0%88&includeAll=&exclude=&include=&exact=&searchdate=all&media=0&sortBy=date&articleid=641215&art=aW50ZXJuYWwtY2FmZS1hcnRpY2xlLXJlYWQtaW5DYWZlLXNlYXJjaC1saXN0.eyJ0eXAiOiJKV1QiLCJhbGciOiJIUzI1NiJ9.eyJjYWZlVHlwZSI6IkNBRkVfSUQiLCJhcnRpY2xlSWQiOjY0MTIxNSwiaXNzdWVkQXQiOjE3MzI2MDYyNTc1NzYsImNhZmVJZCI6MjEyOTAzNjl9.V16K7wDgpOVYrU5tLUKGNl0oFbDwy7RFHVe7VNs494M&where=search&referrerAllArticles=true
47,강경젓갈축제에 혹시 홍게도 파나요??,641196,2023.10.19. 19:28,머쉬룸,https://cafe.naver.com/ca-fe/ArticleRead.nhn?clubid=21290369&page=1&userDisplay=50&inCafeSearch=true&searchBy=1&query=%EA%B0%95%EA%B2%BD%EC%A0%93%EA%B0%88&includeAll=&exclude=&include=&exact=&searchdate=all&media=0&sortBy=date&articleid=641196&art=aW50ZXJuYWwtY2FmZS1hcnRpY2xlLXJlYWQtaW5DYWZlLXNlYXJjaC1saXN0.eyJ0eXAiOiJKV1QiLCJhbGciOiJIUzI1NiJ9.eyJjYWZlVHlwZSI6IkNBRkVfSUQiLCJhcnRpY2xlSWQiOjY0MTE5NiwiaXNzdWVkQXQiOjE3MzI2MDYyNTc1OTIsImNhZmVJZCI6MjEyOTAzNjl9.De0McmEP3iZv0KG7-9Y4qpZeRn7nw8XDJvMno_wX-nQ&where=search&referrerAllArticles=true
48,강경젓갈축제 개막식이 진행중입니다,641186,2023.10.19. 17:58,겨자씨,https://cafe.naver.com/ca-fe/ArticleRead.nhn?clubid=21290369&page=1&userDisplay=50&inCafeSearch=true&searchBy=1&query=%EA%B0%95%EA%B2%BD%EC%A0%93%EA%B0%88&includeAll=&exclude=&include=&exact=&searchdate=all&media=0&sortBy=date&articleid=641186&art=aW50ZXJuYWwtY2FmZS1hcnRpY2xlLXJlYWQtaW5DYWZlLXNlYXJjaC1saXN0.eyJ0eXAiOiJKV1QiLCJhbGciOiJIUzI1NiJ9.eyJjYWZlVHlwZSI6IkNBRkVfSUQiLCJhcnRpY2xlSWQiOjY0MTE4NiwiaXNzdWVkQXQiOjE3MzI2MDYyNTc2MDgsImNhZmVJZCI6MjEyOTAzNjl9.Q1unO35KGBKhkQJs9UnbNMTnDDOD422J0-A6QaOkxWM&where=search&referrerAllArticles=true
49,강경젓갈 축제 김치 담그기~,641131,2023.10.19. 11:57,보라조아,https://cafe.naver.com/ca-fe/ArticleRead.nhn?clubid=21290369&page=1&userDisplay=50&inCafeSearch=true&searchBy=1&query=%EA%B0%95%EA%B2%BD%EC%A0%93%EA%B0%88&includeAll=&exclude=&include=&exact=&searchdate=all&media=0&sortBy=date&articleid=641131&art=aW50ZXJuYWwtY2FmZS1hcnRpY2xlLXJlYWQtaW5DYWZlLXNlYXJjaC1saXN0.eyJ0eXAiOiJKV1QiLCJhbGciOiJIUzI1NiJ9.eyJjYWZlVHlwZSI6IkNBRkVfSUQiLCJhcnRpY2xlSWQiOjY0MTEzMSwiaXNzdWVkQXQiOjE3MzI2MDYyNTc2MjMsImNhZmVJZCI6MjEyOTAzNjl9.uF038_cKqHvzPP-sVgLwAbDSUfmaiFYATbuKSMcnp04&where=search&referrerAllArticles=true
50,강경고을 만세축제,675085,2024.11.01. 16:37,논산시sns담당자,https://cafe.naver.com/ca-fe/ArticleRead.nhn?clubid=21290369&page=1&userDisplay=50&inCafeSearch=true&searchBy=1&query=%EA%B0%95%EA%B2%BD%EC%B6%95%EC%A0%9C&includeAll=&exclude=&include=&exact=&searchdate=all&media=0&sortBy=date&articleid=675085&art=aW50ZXJuYWwtY2FmZS1hcnRpY2xlLXJlYWQtaW5DYWZlLXNlYXJjaC1saXN0.eyJ0eXAiOiJKV1QiLCJhbGciOiJIUzI1NiJ9.eyJjYWZlVHlwZSI6IkNBRkVfSUQiLCJhcnRpY2xlSWQiOjY3NTA4NSwiaXNzdWVkQXQiOjE3MzI2MDY2OTg4MzMsImNhZmVJZCI6MjEyOTAzNjl9.XL44kStc0ytWwVjvUSmhT-MqWLH4cWxbnz4O4TXU6iE&where=search&referrerAllArticles=true
51,이번 강경젓갈축제 김치판매에 대해~,674975,2024.10.31. 14:23,흔한남매맘,https://cafe.naver.com/ca-fe/ArticleRead.nhn?clubid=21290369&page=1&userDisplay=50&inCafeSearch=true&searchBy=1&query=%EA%B0%95%EA%B2%BD%EC%B6%95%EC%A0%9C&includeAll=&exclude=&include=&exact=&searchdate=all&media=0&sortBy=date&articleid=674975&art=aW50ZXJuYWwtY2FmZS1hcnRpY2xlLXJlYWQtaW5DYWZlLXNlYXJjaC1saXN0.eyJ0eXAiOiJKV1QiLCJhbGciOiJIUzI1NiJ9.eyJjYWZlVHlwZSI6IkNBRkVfSUQiLCJhcnRpY2xlSWQiOjY3NDk3NSwiaXNzdWVkQXQiOjE3MzI2MDY2OTg4NTEsImNhZmVJZCI6MjEyOTAzNjl9.R3zZAqE4fjgbBfZGQUfe0E8_YUeOGeWb-JpKjq0mYFc&where=search&referrerAllArticles=true
52,강경젓갈축제에 논산시동물보호센터에서도 왔네요,674101,2024.10.20. 14:26,딱콩,https://cafe.naver.com/ca-fe/ArticleRead.nhn?clubid=21290369&page=1&userDisplay=50&inCafeSearch=true&searchBy=1&query=%EA%B0%95%EA%B2%BD%EC%B6%95%EC%A0%9C&includeAll=&exclude=&include=&exact=&searchdate=all&media=0&sortBy=date&articleid=674101&art=aW50ZXJuYWwtY2FmZS1hcnRpY2xlLXJlYWQtaW5DYWZlLXNlYXJjaC1saXN0.eyJ0eXAiOiJKV1QiLCJhbGciOiJIUzI1NiJ9.eyJjYWZlVHlwZSI6IkNBRkVfSUQiLCJhcnRpY2xlSWQiOjY3NDEwMSwiaXNzdWVkQXQiOjE3MzI2MDY2OTg4NzEsImNhZmVJZCI6MjEyOTAzNjl9.ge3Fh94Sq0nUWvVtD8mEJRoIfs1YUcECviAESjzHnUA&where=search&referrerAllArticles=true
53,강경젓갈축제 김치만드는거 아직하나요?,674092,2024.10.20. 11:42,도치도치맘,https://cafe.naver.com/ca-fe/ArticleRead.nhn?clubid=21290369&page=1&userDisplay=50&inCafeSearch=true&searchBy=1&query=%EA%B0%95%EA%B2%BD%EC%B6%95%EC%A0%9C&includeAll=&exclude=&include=&exact=&searchdate=all&media=0&sortBy=date&articleid=674092&art=aW50ZXJuYWwtY2FmZS1hcnRpY2xlLXJlYWQtaW5DYWZlLXNlYXJjaC1saXN0.eyJ0eXAiOiJKV1QiLCJhbGciOiJIUzI1NiJ9.eyJjYWZlVHlwZSI6IkNBRkVfSUQiLCJhcnRpY2xlSWQiOjY3NDA5MiwiaXNzdWVkQXQiOjE3MzI2MDY2OTg4ODksImNhZmVJZCI6MjEyOTAzNjl9.7l8eTb_4tAZtEbq5X7BFMG3NQWNLS-bbeKW1gGrTOsY&where=search&referrerAllArticles=true
54,강경젓갈축제,674088,2024.10.20. 10:40,딸부자,https://cafe.naver.com/ca-fe/ArticleRead.nhn?clubid=21290369&page=1&userDisplay=50&inCafeSearch=true&searchBy=1&query=%EA%B0%95%EA%B2%BD%EC%B6%95%EC%A0%9C&includeAll=&exclude=&include=&exact=&searchdate=all&media=0&sortBy=date&articleid=674088&art=aW50ZXJuYWwtY2FmZS1hcnRpY2xlLXJlYWQtaW5DYWZlLXNlYXJjaC1saXN0.eyJ0eXAiOiJKV1QiLCJhbGciOiJIUzI1NiJ9.eyJjYWZlVHlwZSI6IkNBRkVfSUQiLCJhcnRpY2xlSWQiOjY3NDA4OCwiaXNzdWVkQXQiOjE3MzI2MDY2OTg5MDksImNhZmVJZCI6MjEyOTAzNjl9.TzQ5c6FfGfBWynDge5vI3827P624pTqYdI_VSsr6qZk&where=search&referrerAllArticles=true
55,강경 축제,674067,2024.10.19. 20:10,땡순이,https://cafe.naver.com/ca-fe/ArticleRead.nhn?clubid=21290369&page=1&userDisplay=50&inCafeSearch=true&searchBy=1&query=%EA%B0%95%EA%B2%BD%EC%B6%95%EC%A0%9C&includeAll=&exclude=&include=&exact=&searchdate=all&media=0&sortBy=date&articleid=674067&art=aW50ZXJuYWwtY2FmZS1hcnRpY2xlLXJlYWQtaW5DYWZlLXNlYXJjaC1saXN0.eyJ0eXAiOiJKV1QiLCJhbGciOiJIUzI1NiJ9.eyJjYWZlVHlwZSI6IkNBRkVfSUQiLCJhcnRpY2xlSWQiOjY3NDA2NywiaXNzdWVkQXQiOjE3MzI2MDY2OTg5MjcsImNhZmVJZCI6MjEyOTAzNjl9.fwZKfuttGYmU_eAaDNw0A_fpCfMFNr2SllWi8O6dwuw&where=search&referrerAllArticles=true
56,논산강경젓갈축제 키즈존 앞 소떡 증정 이벤트 하네요,674036,2024.10.19. 14:14,논산이사,https://cafe.naver.com/ca-fe/ArticleRead.nhn?clubid=21290369&page=1&userDisplay=50&inCafeSearch=true&searchBy=1&query=%EA%B0%95%EA%B2%BD%EC%B6%95%EC%A0%9C&includeAll=&exclude=&include=&exact=&searchdate=all&media=0&sortBy=date&articleid=674036&art=aW50ZXJuYWwtY2FmZS1hcnRpY2xlLXJlYWQtaW5DYWZlLXNlYXJjaC1saXN0.eyJ0eXAiOiJKV1QiLCJhbGciOiJIUzI1NiJ9.eyJjYWZlVHlwZSI6IkNBRkVfSUQiLCJhcnRpY2xlSWQiOjY3NDAzNiwiaXNzdWVkQXQiOjE3MzI2MDY2OTg5NTEsImNhZmVJZCI6MjEyOTAzNjl9._U943leAcM3j6oz_P9DjKoEsv6Dxg4PVerXo62jJdkc&where=search&referrerAllArticles=true
57,강경축제,674021,2024.10.19. 10:13,민남매애미,https://cafe.naver.com/ca-fe/ArticleRead.nhn?clubid=21290369&page=1&userDisplay=50&inCafeSearch=true&searchBy=1&query=%EA%B0%95%EA%B2%BD%EC%B6%95%EC%A0%9C&includeAll=&exclude=&include=&exact=&searchdate=all&media=0&sortBy=date&articleid=674021&art=aW50ZXJuYWwtY2FmZS1hcnRpY2xlLXJlYWQtaW5DYWZlLXNlYXJjaC1saXN0.eyJ0eXAiOiJKV1QiLCJhbGciOiJIUzI1NiJ9.eyJjYWZlVHlwZSI6IkNBRkVfSUQiLCJhcnRpY2xlSWQiOjY3NDAyMSwiaXNzdWVkQXQiOjE3MzI2MDY2OTg5NjQsImNhZmVJZCI6MjEyOTAzNjl9.6I8iD3mdJJSMqh29OfEQz-tNcVYholiUiG35yh4Etjg&where=search&referrerAllArticles=true
58,오늘 강경축제,674020,2024.10.19. 10:13,탱탱구리,https://cafe.naver.com/ca-fe/ArticleRead.nhn?clubid=21290369&page=1&userDisplay=50&inCafeSearch=true&searchBy=1&query=%EA%B0%95%EA%B2%BD%EC%B6%95%EC%A0%9C&includeAll=&exclude=&include=&exact=&searchdate=all&media=0&sortBy=date&articleid=674020&art=aW50ZXJuYWwtY2FmZS1hcnRpY2xlLXJlYWQtaW5DYWZlLXNlYXJjaC1saXN0.eyJ0eXAiOiJKV1QiLCJhbGciOiJIUzI1NiJ9.eyJjYWZlVHlwZSI6IkNBRkVfSUQiLCJhcnRpY2xlSWQiOjY3NDAyMCwiaXNzdWVkQXQiOjE3MzI2MDY2OTg5NzgsImNhZmVJZCI6MjEyOTAzNjl9.b9NBcKXY-glaDsiZs7F4wvvSwXGkXz4xxv8f-n5rNT8&where=search&referrerAllArticles=true
59,강경젓갈축제,673957,2024.10.18. 11:14,하랑,https://cafe.naver.com/ca-fe/ArticleRead.nhn?clubid=21290369&page=1&userDisplay=50&inCafeSearch=true&searchBy=1&query=%EA%B0%95%EA%B2%BD%EC%B6%95%EC%A0%9C&includeAll=&exclude=&include=&exact=&searchdate=all&media=0&sortBy=date&articleid=673957&art=aW50ZXJuYWwtY2FmZS1hcnRpY2xlLXJlYWQtaW5DYWZlLXNlYXJjaC1saXN0.eyJ0eXAiOiJKV1QiLCJhbGciOiJIUzI1NiJ9.eyJjYWZlVHlwZSI6IkNBRkVfSUQiLCJhcnRpY2xlSWQiOjY3Mzk1NywiaXNzdWVkQXQiOjE3MzI2MDY2OTg5OTksImNhZmVJZCI6MjEyOTAzNjl9.J4vku3u3AzaW8oTi2SvNjtzyjLaPn6X13Eq7jbugNS0&where=search&referrerAllArticles=true
60,강경젓갈축제 체험이요..하..,673919,2024.10.17. 20:15,사랑맘1901,https://cafe.naver.com/ca-fe/ArticleRead.nhn?clubid=21290369&page=1&userDisplay=50&inCafeSearch=true&searchBy=1&query=%EA%B0%95%EA%B2%BD%EC%B6%95%EC%A0%9C&includeAll=&exclude=&include=&exact=&searchdate=all&media=0&sortBy=date&articleid=673919&art=aW50ZXJuYWwtY2FmZS1hcnRpY2xlLXJlYWQtaW5DYWZlLXNlYXJjaC1saXN0.eyJ0eXAiOiJKV1QiLCJhbGciOiJIUzI1NiJ9.eyJjYWZlVHlwZSI6IkNBRkVfSUQiLCJhcnRpY2xlSWQiOjY3MzkxOSwiaXNzdWVkQXQiOjE3MzI2MDY2OTkwMjEsImNhZmVJZCI6MjEyOTAzNjl9.5Q9wfEa0Lq3OYN7YtrNN65Fde7uPh9A97pcVEoksIRA&where=search&referrerAllArticles=true
61,강경젓갈축제 셔틀버스? 순환버스?,673913,2024.10.17. 19:42,우니의 태리,https://cafe.naver.com/ca-fe/ArticleRead.nhn?clubid=21290369&page=1&userDisplay=50&inCafeSearch=true&searchBy=1&query=%EA%B0%95%EA%B2%BD%EC%B6%95%EC%A0%9C&includeAll=&exclude=&include=&exact=&searchdate=all&media=0&sortBy=date&articleid=673913&art=aW50ZXJuYWwtY2FmZS1hcnRpY2xlLXJlYWQtaW5DYWZlLXNlYXJjaC1saXN0.eyJ0eXAiOiJKV1QiLCJhbGciOiJIUzI1NiJ9.eyJjYWZlVHlwZSI6IkNBRkVfSUQiLCJhcnRpY2xlSWQiOjY3MzkxMywiaXNzdWVkQXQiOjE3MzI2MDY2OTkwMzcsImNhZmVJZCI6MjEyOTAzNjl9.ZhZ09zvlwBi363I2vleopqBO9s8NwPKHATFUgY4Ve3Y&where=search&referrerAllArticles=true
62,강경젓갈축제 정보,673911,2024.10.17. 19:20,망고팅,https://cafe.naver.com/ca-fe/ArticleRead.nhn?clubid=21290369&page=1&userDisplay=50&inCafeSearch=true&searchBy=1&query=%EA%B0%95%EA%B2%BD%EC%B6%95%EC%A0%9C&includeAll=&exclude=&include=&exact=&searchdate=all&media=0&sortBy=date&articleid=673911&art=aW50ZXJuYWwtY2FmZS1hcnRpY2xlLXJlYWQtaW5DYWZlLXNlYXJjaC1saXN0.eyJ0eXAiOiJKV1QiLCJhbGciOiJIUzI1NiJ9.eyJjYWZlVHlwZSI6IkNBRkVfSUQiLCJhcnRpY2xlSWQiOjY3MzkxMSwiaXNzdWVkQXQiOjE3MzI2MDY2OTkwNTYsImNhZmVJZCI6MjEyOTAzNjl9.VjsWU2Y0W3EfRLWP-JFBu2KpAPkZyS5GzfQYfDsxyJQ&where=search&referrerAllArticles=true
63,강경젓갈축제,673902,2024.10.17. 18:18,하랑,https://cafe.naver.com/ca-fe/ArticleRead.nhn?clubid=21290369&page=1&userDisplay=50&inCafeSearch=true&searchBy=1&query=%EA%B0%95%EA%B2%BD%EC%B6%95%EC%A0%9C&includeAll=&exclude=&include=&exact=&searchdate=all&media=0&sortBy=date&articleid=673902&art=aW50ZXJuYWwtY2FmZS1hcnRpY2xlLXJlYWQtaW5DYWZlLXNlYXJjaC1saXN0.eyJ0eXAiOiJKV1QiLCJhbGciOiJIUzI1NiJ9.eyJjYWZlVHlwZSI6IkNBRkVfSUQiLCJhcnRpY2xlSWQiOjY3MzkwMiwiaXNzdWVkQXQiOjE3MzI2MDY2OTkwNzgsImNhZmVJZCI6MjEyOTAzNjl9.rBBNsN1YPpT9XxQl_6bi7FbJ3JjOsC44Tpv8Ki_Pp4k&where=search&referrerAllArticles=true
64,강경젓갈 축제 김치 살 곳?,673901,2024.10.17. 18:09,사랑둥이,https://cafe.naver.com/ca-fe/ArticleRead.nhn?clubid=21290369&page=1&userDisplay=50&inCafeSearch=true&searchBy=1&query=%EA%B0%95%EA%B2%BD%EC%B6%95%EC%A0%9C&includeAll=&exclude=&include=&exact=&searchdate=all&media=0&sortBy=date&articleid=673901&art=aW50ZXJuYWwtY2FmZS1hcnRpY2xlLXJlYWQtaW5DYWZlLXNlYXJjaC1saXN0.eyJ0eXAiOiJKV1QiLCJhbGciOiJIUzI1NiJ9.eyJjYWZlVHlwZSI6IkNBRkVfSUQiLCJhcnRpY2xlSWQiOjY3MzkwMSwiaXNzdWVkQXQiOjE3MzI2MDY2OTkwOTUsImNhZmVJZCI6MjEyOTAzNjl9.8sYjf1yCl1qP4egP2TxzbAhbBCSvKmwcHBdIbAHCHc0&where=search&referrerAllArticles=true
65,강경젓갈축제 사과 맛나네요~,673898,2024.10.17. 17:54,gdjklg,https://cafe.naver.com/ca-fe/ArticleRead.nhn?clubid=21290369&page=1&userDisplay=50&inCafeSearch=true&searchBy=1&query=%EA%B0%95%EA%B2%BD%EC%B6%95%EC%A0%9C&includeAll=&exclude=&include=&exact=&searchdate=all&media=0&sortBy=date&articleid=673898&art=aW50ZXJuYWwtY2FmZS1hcnRpY2xlLXJlYWQtaW5DYWZlLXNlYXJjaC1saXN0.eyJ0eXAiOiJKV1QiLCJhbGciOiJIUzI1NiJ9.eyJjYWZlVHlwZSI6IkNBRkVfSUQiLCJhcnRpY2xlSWQiOjY3Mzg5OCwiaXNzdWVkQXQiOjE3MzI2MDY2OTkxMTUsImNhZmVJZCI6MjEyOTAzNjl9.rAf3Qy44HjpivCoYAaX1PI34F6SKdRO_jDJ3HEB2uBQ&where=search&referrerAllArticles=true
66,강경축제 불꽃놀이 하나요?,673873,2024.10.17. 13:53,푸른새벽,https://cafe.naver.com/ca-fe/ArticleRead.nhn?clubid=21290369&page=1&userDisplay=50&inCafeSearch=true&searchBy=1&query=%EA%B0%95%EA%B2%BD%EC%B6%95%EC%A0%9C&includeAll=&exclude=&include=&exact=&searchdate=all&media=0&sortBy=date&articleid=673873&art=aW50ZXJuYWwtY2FmZS1hcnRpY2xlLXJlYWQtaW5DYWZlLXNlYXJjaC1saXN0.eyJ0eXAiOiJKV1QiLCJhbGciOiJIUzI1NiJ9.eyJjYWZlVHlwZSI6IkNBRkVfSUQiLCJhcnRpY2xlSWQiOjY3Mzg3MywiaXNzdWVkQXQiOjE3MzI2MDY2OTkxMzMsImNhZmVJZCI6MjEyOTAzNjl9.vwuo_vDb_Hvu34AtNxA7T-iSS9EWKsfkRC_wh5UQpZY&where=search&referrerAllArticles=true
67,강경젓갈 축제,673869,2024.10.17. 13:08,찌이,https://cafe.naver.com/ca-fe/ArticleRead.nhn?clubid=21290369&page=1&userDisplay=50&inCafeSearch=true&searchBy=1&query=%EA%B0%95%EA%B2%BD%EC%B6%95%EC%A0%9C&includeAll=&exclude=&include=&exact=&searchdate=all&media=0&sortBy=date&articleid=673869&art=aW50ZXJuYWwtY2FmZS1hcnRpY2xlLXJlYWQtaW5DYWZlLXNlYXJjaC1saXN0.eyJ0eXAiOiJKV1QiLCJhbGciOiJIUzI1NiJ9.eyJjYWZlVHlwZSI6IkNBRkVfSUQiLCJhcnRpY2xlSWQiOjY3Mzg2OSwiaXNzdWVkQXQiOjE3MzI2MDY2OTkxNDcsImNhZmVJZCI6MjEyOTAzNjl9.trTnf9DE6qVMJZ6l6CRt0K_49TZMMnccC7xxkITxm3k&where=search&referrerAllArticles=true
68,강경 젓갈 축제기간 중 비 소식이 있던데..,673802,2024.10.16. 19:17,이젠집밥해먹자,https://cafe.naver.com/ca-fe/ArticleRead.nhn?clubid=21290369&page=1&userDisplay=50&inCafeSearch=true&searchBy=1&query=%EA%B0%95%EA%B2%BD%EC%B6%95%EC%A0%9C&includeAll=&exclude=&include=&exact=&searchdate=all&media=0&sortBy=date&articleid=673802&art=aW50ZXJuYWwtY2FmZS1hcnRpY2xlLXJlYWQtaW5DYWZlLXNlYXJjaC1saXN0.eyJ0eXAiOiJKV1QiLCJhbGciOiJIUzI1NiJ9.eyJjYWZlVHlwZSI6IkNBRkVfSUQiLCJhcnRpY2xlSWQiOjY3MzgwMiwiaXNzdWVkQXQiOjE3MzI2MDY2OTkxNjEsImNhZmVJZCI6MjEyOTAzNjl9.NIVGVsIsUXcXfY62XyDupmFIj19jn5TrnXk1Sw398bk&where=search&referrerAllArticles=true
69,[강경젓갈축제]문화누리카드 축제가맹점 안내,673773,2024.10.16. 14:20,용용2다잉,https://cafe.naver.com/ca-fe/ArticleRead.nhn?clubid=21290369&page=1&userDisplay=50&inCafeSearch=true&searchBy=1&query=%EA%B0%95%EA%B2%BD%EC%B6%95%EC%A0%9C&includeAll=&exclude=&include=&exact=&searchdate=all&media=0&sortBy=date&articleid=673773&art=aW50ZXJuYWwtY2FmZS1hcnRpY2xlLXJlYWQtaW5DYWZlLXNlYXJjaC1saXN0.eyJ0eXAiOiJKV1QiLCJhbGciOiJIUzI1NiJ9.eyJjYWZlVHlwZSI6IkNBRkVfSUQiLCJhcnRpY2xlSWQiOjY3Mzc3MywiaXNzdWVkQXQiOjE3MzI2MDY2OTkxNzQsImNhZmVJZCI6MjEyOTAzNjl9.v_ETVpjAqQo-Go6dy9HZQ6gMZAdJPWMhqJ-v4GCL1ws&where=search&referrerAllArticles=true
70,강경젓갈축제 문화누리카드 이벤트,673767,2024.10.16. 14:08,용용2다잉,https://cafe.naver.com/ca-fe/ArticleRead.nhn?clubid=21290369&page=1&userDisplay=50&inCafeSearch=true&searchBy=1&query=%EA%B0%95%EA%B2%BD%EC%B6%95%EC%A0%9C&includeAll=&exclude=&include=&exact=&searchdate=all&media=0&sortBy=date&articleid=673767&art=aW50ZXJuYWwtY2FmZS1hcnRpY2xlLXJlYWQtaW5DYWZlLXNlYXJjaC1saXN0.eyJ0eXAiOiJKV1QiLCJhbGciOiJIUzI1NiJ9.eyJjYWZlVHlwZSI6IkNBRkVfSUQiLCJhcnRpY2xlSWQiOjY3Mzc2NywiaXNzdWVkQXQiOjE3MzI2MDY2OTkxOTIsImNhZmVJZCI6MjEyOTAzNjl9.RctGSfTzrmJio3ZQkKQrVTg_wUDK3MjAECE36rl9HLI&where=search&referrerAllArticles=true
71,2024 강경젓갈축제 안내(변경사항 포함),673763,2024.10.16. 13:29,논산시 홍보협력실,https://cafe.naver.com/ca-fe/ArticleRead.nhn?clubid=21290369&page=1&userDisplay=50&inCafeSearch=true&searchBy=1&query=%EA%B0%95%EA%B2%BD%EC%B6%95%EC%A0%9C&includeAll=&exclude=&include=&exact=&searchdate=all&media=0&sortBy=date&articleid=673763&art=aW50ZXJuYWwtY2FmZS1hcnRpY2xlLXJlYWQtaW5DYWZlLXNlYXJjaC1saXN0.eyJ0eXAiOiJKV1QiLCJhbGciOiJIUzI1NiJ9.eyJjYWZlVHlwZSI6IkNBRkVfSUQiLCJhcnRpY2xlSWQiOjY3Mzc2MywiaXNzdWVkQXQiOjE3MzI2MDY2OTkyMDksImNhZmVJZCI6MjEyOTAzNjl9.0c4JcV05WdR-p6j8i__9secgYfV8BSMAShXPtkMm2-Q&where=search&referrerAllArticles=true
72,??강경젓갈축제(베베핀 해피콘서트)??,673749,2024.10.16. 09:52,물고기,https://cafe.naver.com/ca-fe/ArticleRead.nhn?clubid=21290369&page=1&userDisplay=50&inCafeSearch=true&searchBy=1&query=%EA%B0%95%EA%B2%BD%EC%B6%95%EC%A0%9C&includeAll=&exclude=&include=&exact=&searchdate=all&media=0&sortBy=date&articleid=673749&art=aW50ZXJuYWwtY2FmZS1hcnRpY2xlLXJlYWQtaW5DYWZlLXNlYXJjaC1saXN0.eyJ0eXAiOiJKV1QiLCJhbGciOiJIUzI1NiJ9.eyJjYWZlVHlwZSI6IkNBRkVfSUQiLCJhcnRpY2xlSWQiOjY3Mzc0OSwiaXNzdWVkQXQiOjE3MzI2MDY2OTkyMzEsImNhZmVJZCI6MjEyOTAzNjl9.SLgrTczS08bKKXFuX229tOgkQkyeaXEoCgp28jN2QSc&where=search&referrerAllArticles=true
73,2024 강경젓갈축제 세부일정 등 안내,673643,2024.10.14. 21:26,논산시 홍보협력실,https://cafe.naver.com/ca-fe/ArticleRead.nhn?clubid=21290369&page=1&userDisplay=50&inCafeSearch=true&searchBy=1&query=%EA%B0%95%EA%B2%BD%EC%B6%95%EC%A0%9C&includeAll=&exclude=&include=&exact=&searchdate=all&media=0&sortBy=date&articleid=673643&art=aW50ZXJuYWwtY2FmZS1hcnRpY2xlLXJlYWQtaW5DYWZlLXNlYXJjaC1saXN0.eyJ0eXAiOiJKV1QiLCJhbGciOiJIUzI1NiJ9.eyJjYWZlVHlwZSI6IkNBRkVfSUQiLCJhcnRpY2xlSWQiOjY3MzY0MywiaXNzdWVkQXQiOjE3MzI2MDY2OTkyNDksImNhZmVJZCI6MjEyOTAzNjl9.EoU5W-mVxrcQKjY3_A_HQfE9Xmfi3wfTIqeMJ43oLUU&where=search&referrerAllArticles=true
74,2024 강경젓갈축제 홍보 영상,673536,2024.10.13. 16:44,논산시 홍보협력실,https://cafe.naver.com/ca-fe/ArticleRead.nhn?clubid=21290369&page=1&userDisplay=50&inCafeSearch=true&searchBy=1&query=%EA%B0%95%EA%B2%BD%EC%B6%95%EC%A0%9C&includeAll=&exclude=&include=&exact=&searchdate=all&media=0&sortBy=date&articleid=673536&art=aW50ZXJuYWwtY2FmZS1hcnRpY2xlLXJlYWQtaW5DYWZlLXNlYXJjaC1saXN0.eyJ0eXAiOiJKV1QiLCJhbGciOiJIUzI1NiJ9.eyJjYWZlVHlwZSI6IkNBRkVfSUQiLCJhcnRpY2xlSWQiOjY3MzUzNiwiaXNzdWVkQXQiOjE3MzI2MDY2OTkyNjgsImNhZmVJZCI6MjEyOTAzNjl9.AaNCMOH_x7isKw9sAK61YbOzinmW71B8RYvw6SRD42o&where=search&referrerAllArticles=true
75,2024 강경젓갈축제 안내,673535,2024.10.13. 16:42,논산시 홍보협력실,https://cafe.naver.com/ca-fe/ArticleRead.nhn?clubid=21290369&page=1&userDisplay=50&inCafeSearch=true&searchBy=1&query=%EA%B0%95%EA%B2%BD%EC%B6%95%EC%A0%9C&includeAll=&exclude=&include=&exact=&searchdate=all&media=0&sortBy=date&articleid=673535&art=aW50ZXJuYWwtY2FmZS1hcnRpY2xlLXJlYWQtaW5DYWZlLXNlYXJjaC1saXN0.eyJ0eXAiOiJKV1QiLCJhbGciOiJIUzI1NiJ9.eyJjYWZlVHlwZSI6IkNBRkVfSUQiLCJhcnRpY2xlSWQiOjY3MzUzNSwiaXNzdWVkQXQiOjE3MzI2MDY2OTkyODQsImNhZmVJZCI6MjEyOTAzNjl9.tNtwMwSAfuh7S3W2R616JLv1p1WyiLDQqXpnfSlIsSI&where=search&referrerAllArticles=true
76,2024강경젓갈축제!베베핀 키즈존 안내,673534,2024.10.13. 16:41,논산시 홍보협력실,https://cafe.naver.com/ca-fe/ArticleRead.nhn?clubid=21290369&page=1&userDisplay=50&inCafeSearch=true&searchBy=1&query=%EA%B0%95%EA%B2%BD%EC%B6%95%EC%A0%9C&includeAll=&exclude=&include=&exact=&searchdate=all&media=0&sortBy=date&articleid=673534&art=aW50ZXJuYWwtY2FmZS1hcnRpY2xlLXJlYWQtaW5DYWZlLXNlYXJjaC1saXN0.eyJ0eXAiOiJKV1QiLCJhbGciOiJIUzI1NiJ9.eyJjYWZlVHlwZSI6IkNBRkVfSUQiLCJhcnRpY2xlSWQiOjY3MzUzNCwiaXNzdWVkQXQiOjE3MzI2MDY2OTkzMDMsImNhZmVJZCI6MjEyOTAzNjl9.MNzNmFWdg7MGkuXlacDQh51efkBpphMt5q6MnMD3hR4&where=search&referrerAllArticles=true
77,KBS대전 아침마당 영상 안내(2024강경젓갈축제 홍보),673519,2024.10.13. 11:28,논산시 홍보협력실,https://cafe.naver.com/ca-fe/ArticleRead.nhn?clubid=21290369&page=1&userDisplay=50&inCafeSearch=true&searchBy=1&query=%EA%B0%95%EA%B2%BD%EC%B6%95%EC%A0%9C&includeAll=&exclude=&include=&exact=&searchdate=all&media=0&sortBy=date&articleid=673519&art=aW50ZXJuYWwtY2FmZS1hcnRpY2xlLXJlYWQtaW5DYWZlLXNlYXJjaC1saXN0.eyJ0eXAiOiJKV1QiLCJhbGciOiJIUzI1NiJ9.eyJjYWZlVHlwZSI6IkNBRkVfSUQiLCJhcnRpY2xlSWQiOjY3MzUxOSwiaXNzdWVkQXQiOjE3MzI2MDY2OTkzMjAsImNhZmVJZCI6MjEyOTAzNjl9.tNkx4i4qXoK6zbH0mszmsMy6PPcZfFt93IPQ7EkhhJs&where=search&referrerAllArticles=true
78,강경축제,673512,2024.10.13. 09:54,민남매애미,https://cafe.naver.com/ca-fe/ArticleRead.nhn?clubid=21290369&page=1&userDisplay=50&inCafeSearch=true&searchBy=1&query=%EA%B0%95%EA%B2%BD%EC%B6%95%EC%A0%9C&includeAll=&exclude=&include=&exact=&searchdate=all&media=0&sortBy=date&articleid=673512&art=aW50ZXJuYWwtY2FmZS1hcnRpY2xlLXJlYWQtaW5DYWZlLXNlYXJjaC1saXN0.eyJ0eXAiOiJKV1QiLCJhbGciOiJIUzI1NiJ9.eyJjYWZlVHlwZSI6IkNBRkVfSUQiLCJhcnRpY2xlSWQiOjY3MzUxMiwiaXNzdWVkQXQiOjE3MzI2MDY2OTkzNDUsImNhZmVJZCI6MjEyOTAzNjl9.n7_hfyad3vB3uOeXI19JAD_dkNdsXPGur3FmFfUcsmo&where=search&referrerAllArticles=true
79,2024 강경젓갈축제 안내,673496,2024.10.12. 21:42,논산시 홍보협력실,https://cafe.naver.com/ca-fe/ArticleRead.nhn?clubid=21290369&page=1&userDisplay=50&inCafeSearch=true&searchBy=1&query=%EA%B0%95%EA%B2%BD%EC%B6%95%EC%A0%9C&includeAll=&exclude=&include=&exact=&searchdate=all&media=0&sortBy=date&articleid=673496&art=aW50ZXJuYWwtY2FmZS1hcnRpY2xlLXJlYWQtaW5DYWZlLXNlYXJjaC1saXN0.eyJ0eXAiOiJKV1QiLCJhbGciOiJIUzI1NiJ9.eyJjYWZlVHlwZSI6IkNBRkVfSUQiLCJhcnRpY2xlSWQiOjY3MzQ5NiwiaXNzdWVkQXQiOjE3MzI2MDY2OTkzNTksImNhZmVJZCI6MjEyOTAzNjl9.sSj_XsAca9DcV730LweZU5rDpdci_79YpfD8EeoCxj4&where=search&referrerAllArticles=true
80,[강경산소금문학관]영원한 청년작가 박범신 토크쇼(10.19.강경젓갈축제기간),673395,2024.10.11. 16:19,우기마미,https://cafe.naver.com/ca-fe/ArticleRead.nhn?clubid=21290369&page=1&userDisplay=50&inCafeSearch=true&searchBy=1&query=%EA%B0%95%EA%B2%BD%EC%B6%95%EC%A0%9C&includeAll=&exclude=&include=&exact=&searchdate=all&media=0&sortBy=date&articleid=673395&art=aW50ZXJuYWwtY2FmZS1hcnRpY2xlLXJlYWQtaW5DYWZlLXNlYXJjaC1saXN0.eyJ0eXAiOiJKV1QiLCJhbGciOiJIUzI1NiJ9.eyJjYWZlVHlwZSI6IkNBRkVfSUQiLCJhcnRpY2xlSWQiOjY3MzM5NSwiaXNzdWVkQXQiOjE3MzI2MDY2OTkzNzEsImNhZmVJZCI6MjEyOTAzNjl9.Uaie01jD-wwbtjSIKTaE-Bk5768Vb6vNASALIxWcbZw&where=search&referrerAllArticles=true
81,"논산시, 강경젓갈축제 대비 식품 안전 관리 강화",673350,2024.10.10. 23:49,논산시 홍보협력실,https://cafe.naver.com/ca-fe/ArticleRead.nhn?clubid=21290369&page=1&userDisplay=50&inCafeSearch=true&searchBy=1&query=%EA%B0%95%EA%B2%BD%EC%B6%95%EC%A0%9C&includeAll=&exclude=&include=&exact=&searchdate=all&media=0&sortBy=date&articleid=673350&art=aW50ZXJuYWwtY2FmZS1hcnRpY2xlLXJlYWQtaW5DYWZlLXNlYXJjaC1saXN0.eyJ0eXAiOiJKV1QiLCJhbGciOiJIUzI1NiJ9.eyJjYWZlVHlwZSI6IkNBRkVfSUQiLCJhcnRpY2xlSWQiOjY3MzM1MCwiaXNzdWVkQXQiOjE3MzI2MDY2OTkzODYsImNhZmVJZCI6MjEyOTAzNjl9.iReF7FzfnD2YUe0EM9DiGq2QUvZhASoS6rvpll4rJu0&where=search&referrerAllArticles=true
82,강경 젓갈축제,672405,2024.09.29. 15:04,반가워요,https://cafe.naver.com/ca-fe/ArticleRead.nhn?clubid=21290369&page=1&userDisplay=50&inCafeSearch=true&searchBy=1&query=%EA%B0%95%EA%B2%BD%EC%B6%95%EC%A0%9C&includeAll=&exclude=&include=&exact=&searchdate=all&media=0&sortBy=date&articleid=672405&art=aW50ZXJuYWwtY2FmZS1hcnRpY2xlLXJlYWQtaW5DYWZlLXNlYXJjaC1saXN0.eyJ0eXAiOiJKV1QiLCJhbGciOiJIUzI1NiJ9.eyJjYWZlVHlwZSI6IkNBRkVfSUQiLCJhcnRpY2xlSWQiOjY3MjQwNSwiaXNzdWVkQXQiOjE3MzI2MDY2OTk0MDAsImNhZmVJZCI6MjEyOTAzNjl9.4S7-tbsxcT9sUPCQfLH1fVifYCB9KYt8iGhgQDW-t-c&where=search&referrerAllArticles=true
83,"주말 행사 안내(논산 예술제, 김홍신문학관 개관 5주년 기념식(법륜스님 즉문즉설), 예술그린 피크닉데이, 탑정호 음악분수, 강경고을 만세축제)",672329,2024.09.28. 09:09,논산시 홍보협력실,https://cafe.naver.com/ca-fe/ArticleRead.nhn?clubid=21290369&page=1&userDisplay=50&inCafeSearch=true&searchBy=1&query=%EA%B0%95%EA%B2%BD%EC%B6%95%EC%A0%9C&includeAll=&exclude=&include=&exact=&searchdate=all&media=0&sortBy=date&articleid=672329&art=aW50ZXJuYWwtY2FmZS1hcnRpY2xlLXJlYWQtaW5DYWZlLXNlYXJjaC1saXN0.eyJ0eXAiOiJKV1QiLCJhbGciOiJIUzI1NiJ9.eyJjYWZlVHlwZSI6IkNBRkVfSUQiLCJhcnRpY2xlSWQiOjY3MjMyOSwiaXNzdWVkQXQiOjE3MzI2MDY2OTk0MTUsImNhZmVJZCI6MjEyOTAzNjl9.Cmqz9LIhQwSengHsUEFUXYam1m_2dvv0yRMkVUyYN2Q&where=search&referrerAllArticles=true
84,"""논산 특산물로 신메뉴 개발"" 강경젓갈축제서 맛보세요",672314,2024.09.27. 22:59,논산시 홍보협력실,https://cafe.naver.com/ca-fe/ArticleRead.nhn?clubid=21290369&page=1&userDisplay=50&inCafeSearch=true&searchBy=1&query=%EA%B0%95%EA%B2%BD%EC%B6%95%EC%A0%9C&includeAll=&exclude=&include=&exact=&searchdate=all&media=0&sortBy=date&articleid=672314&art=aW50ZXJuYWwtY2FmZS1hcnRpY2xlLXJlYWQtaW5DYWZlLXNlYXJjaC1saXN0.eyJ0eXAiOiJKV1QiLCJhbGciOiJIUzI1NiJ9.eyJjYWZlVHlwZSI6IkNBRkVfSUQiLCJhcnRpY2xlSWQiOjY3MjMxNCwiaXNzdWVkQXQiOjE3MzI2MDY2OTk0MjgsImNhZmVJZCI6MjEyOTAzNjl9.Ut-IVDZoons-l5ksbctC7JjTWUhmOJkzfFBtOzCdGsI&where=search&referrerAllArticles=true
85,"주말 행사 안내(논산예술제, 김홍신문학관 개관 5주년 기념식, 탑정호 음악분수, 예술그린 피크닉데이, 강경고을 만세축제)",672283,2024.09.27. 17:03,논산시 홍보협력실,https://cafe.naver.com/ca-fe/ArticleRead.nhn?clubid=21290369&page=1&userDisplay=50&inCafeSearch=true&searchBy=1&query=%EA%B0%95%EA%B2%BD%EC%B6%95%EC%A0%9C&includeAll=&exclude=&include=&exact=&searchdate=all&media=0&sortBy=date&articleid=672283&art=aW50ZXJuYWwtY2FmZS1hcnRpY2xlLXJlYWQtaW5DYWZlLXNlYXJjaC1saXN0.eyJ0eXAiOiJKV1QiLCJhbGciOiJIUzI1NiJ9.eyJjYWZlVHlwZSI6IkNBRkVfSUQiLCJhcnRpY2xlSWQiOjY3MjI4MywiaXNzdWVkQXQiOjE3MzI2MDY2OTk0NDIsImNhZmVJZCI6MjEyOTAzNjl9.YJG1hWh8yVdxIvWuYKTDXzX57gkuGg-otfPilACKJ1k&where=search&referrerAllArticles=true
86,강경고을 만세축제 안내,672066,2024.09.25. 11:20,논산시 홍보협력실,https://cafe.naver.com/ca-fe/ArticleRead.nhn?clubid=21290369&page=1&userDisplay=50&inCafeSearch=true&searchBy=1&query=%EA%B0%95%EA%B2%BD%EC%B6%95%EC%A0%9C&includeAll=&exclude=&include=&exact=&searchdate=all&media=0&sortBy=date&articleid=672066&art=aW50ZXJuYWwtY2FmZS1hcnRpY2xlLXJlYWQtaW5DYWZlLXNlYXJjaC1saXN0.eyJ0eXAiOiJKV1QiLCJhbGciOiJIUzI1NiJ9.eyJjYWZlVHlwZSI6IkNBRkVfSUQiLCJhcnRpY2xlSWQiOjY3MjA2NiwiaXNzdWVkQXQiOjE3MzI2MDY2OTk0NTksImNhZmVJZCI6MjEyOTAzNjl9.f1IfsMV26tyFm-zbUF03j3lkBc8Z7cTBq31pbgazxSU&where=search&referrerAllArticles=true
87,2024 강경젓갈축제 강경젓갈·상월고구마 캐릭터 디자인 공모전 개최 안내,662266,2024.05.30. 11:44,관광축제팀,https://cafe.naver.com/ca-fe/ArticleRead.nhn?clubid=21290369&page=1&userDisplay=50&inCafeSearch=true&searchBy=1&query=%EA%B0%95%EA%B2%BD%EC%B6%95%EC%A0%9C&includeAll=&exclude=&include=&exact=&searchdate=all&media=0&sortBy=date&articleid=662266&art=aW50ZXJuYWwtY2FmZS1hcnRpY2xlLXJlYWQtaW5DYWZlLXNlYXJjaC1saXN0.eyJ0eXAiOiJKV1QiLCJhbGciOiJIUzI1NiJ9.eyJjYWZlVHlwZSI6IkNBRkVfSUQiLCJhcnRpY2xlSWQiOjY2MjI2NiwiaXNzdWVkQXQiOjE3MzI2MDY2OTk0NzQsImNhZmVJZCI6MjEyOTAzNjl9.aAp-12mBkYbKPkPmZrtuLhMcYtcdtTp7drWpJG6kArg&where=search&referrerAllArticles=true
88,강경에서 딸기축제 버스있나요?,656456,2024.03.23. 14:53,준혁엄마,https://cafe.naver.com/ca-fe/ArticleRead.nhn?clubid=21290369&page=1&userDisplay=50&inCafeSearch=true&searchBy=1&query=%EA%B0%95%EA%B2%BD%EC%B6%95%EC%A0%9C&includeAll=&exclude=&include=&exact=&searchdate=all&media=0&sortBy=date&articleid=656456&art=aW50ZXJuYWwtY2FmZS1hcnRpY2xlLXJlYWQtaW5DYWZlLXNlYXJjaC1saXN0.eyJ0eXAiOiJKV1QiLCJhbGciOiJIUzI1NiJ9.eyJjYWZlVHlwZSI6IkNBRkVfSUQiLCJhcnRpY2xlSWQiOjY1NjQ1NiwiaXNzdWVkQXQiOjE3MzI2MDY2OTk0ODksImNhZmVJZCI6MjEyOTAzNjl9.lsgvk5FcyCAxjxYKiC-JHt397_FZILK6pOBOCXqErgw&where=search&referrerAllArticles=true
89,강경젓갈축제 떡갈비,641483,2023.10.22. 20:31,뚱심이,https://cafe.naver.com/ca-fe/ArticleRead.nhn?clubid=21290369&page=1&userDisplay=50&inCafeSearch=true&searchBy=1&query=%EA%B0%95%EA%B2%BD%EC%B6%95%EC%A0%9C&includeAll=&exclude=&include=&exact=&searchdate=all&media=0&sortBy=date&articleid=641483&art=aW50ZXJuYWwtY2FmZS1hcnRpY2xlLXJlYWQtaW5DYWZlLXNlYXJjaC1saXN0.eyJ0eXAiOiJKV1QiLCJhbGciOiJIUzI1NiJ9.eyJjYWZlVHlwZSI6IkNBRkVfSUQiLCJhcnRpY2xlSWQiOjY0MTQ4MywiaXNzdWVkQXQiOjE3MzI2MDY2OTk1MDIsImNhZmVJZCI6MjEyOTAzNjl9.sCpSaNyDeMpbiy5VvuD8D16toPnW8fDe2eAFkzqks7E&where=search&referrerAllArticles=true
90,강경축제 셔틀,641420,2023.10.22. 09:11,두리둥실 유훗,https://cafe.naver.com/ca-fe/ArticleRead.nhn?clubid=21290369&page=1&userDisplay=50&inCafeSearch=true&searchBy=1&query=%EA%B0%95%EA%B2%BD%EC%B6%95%EC%A0%9C&includeAll=&exclude=&include=&exact=&searchdate=all&media=0&sortBy=date&articleid=641420&art=aW50ZXJuYWwtY2FmZS1hcnRpY2xlLXJlYWQtaW5DYWZlLXNlYXJjaC1saXN0.eyJ0eXAiOiJKV1QiLCJhbGciOiJIUzI1NiJ9.eyJjYWZlVHlwZSI6IkNBRkVfSUQiLCJhcnRpY2xlSWQiOjY0MTQyMCwiaXNzdWVkQXQiOjE3MzI2MDY2OTk1MTcsImNhZmVJZCI6MjEyOTAzNjl9.vvvxytBiX2SYvGwVp3bfUQhwEOa9yzp6m8b1pyxR8UY&where=search&referrerAllArticles=true
91,강경 젓갈축제 순환버스요,641419,2023.10.22. 08:54,시작,https://cafe.naver.com/ca-fe/ArticleRead.nhn?clubid=21290369&page=1&userDisplay=50&inCafeSearch=true&searchBy=1&query=%EA%B0%95%EA%B2%BD%EC%B6%95%EC%A0%9C&includeAll=&exclude=&include=&exact=&searchdate=all&media=0&sortBy=date&articleid=641419&art=aW50ZXJuYWwtY2FmZS1hcnRpY2xlLXJlYWQtaW5DYWZlLXNlYXJjaC1saXN0.eyJ0eXAiOiJKV1QiLCJhbGciOiJIUzI1NiJ9.eyJjYWZlVHlwZSI6IkNBRkVfSUQiLCJhcnRpY2xlSWQiOjY0MTQxOSwiaXNzdWVkQXQiOjE3MzI2MDY2OTk1MzIsImNhZmVJZCI6MjEyOTAzNjl9.Xjv8D8R-zslDu4-cxwi9i8dfsaPs-ZR77pnigJd2nCU&where=search&referrerAllArticles=true
92,강경젓갈축제 순환버스 궁금해요.,641400,2023.10.21. 21:23,melodia,https://cafe.naver.com/ca-fe/ArticleRead.nhn?clubid=21290369&page=1&userDisplay=50&inCafeSearch=true&searchBy=1&query=%EA%B0%95%EA%B2%BD%EC%B6%95%EC%A0%9C&includeAll=&exclude=&include=&exact=&searchdate=all&media=0&sortBy=date&articleid=641400&art=aW50ZXJuYWwtY2FmZS1hcnRpY2xlLXJlYWQtaW5DYWZlLXNlYXJjaC1saXN0.eyJ0eXAiOiJKV1QiLCJhbGciOiJIUzI1NiJ9.eyJjYWZlVHlwZSI6IkNBRkVfSUQiLCJhcnRpY2xlSWQiOjY0MTQwMCwiaXNzdWVkQXQiOjE3MzI2MDY2OTk1NDUsImNhZmVJZCI6MjEyOTAzNjl9.zQBvr--95WYSK4xrkBToBTyUXPUUIgvv3eRnV5YK9Wc&where=search&referrerAllArticles=true
93,강경젓갈축제 셋째 날??,641380,2023.10.21. 16:51,겨자씨,https://cafe.naver.com/ca-fe/ArticleRead.nhn?clubid=21290369&page=1&userDisplay=50&inCafeSearch=true&searchBy=1&query=%EA%B0%95%EA%B2%BD%EC%B6%95%EC%A0%9C&includeAll=&exclude=&include=&exact=&searchdate=all&media=0&sortBy=date&articleid=641380&art=aW50ZXJuYWwtY2FmZS1hcnRpY2xlLXJlYWQtaW5DYWZlLXNlYXJjaC1saXN0.eyJ0eXAiOiJKV1QiLCJhbGciOiJIUzI1NiJ9.eyJjYWZlVHlwZSI6IkNBRkVfSUQiLCJhcnRpY2xlSWQiOjY0MTM4MCwiaXNzdWVkQXQiOjE3MzI2MDY2OTk1NTgsImNhZmVJZCI6MjEyOTAzNjl9.1iTgNMh8m835InnSJYvEKYG6C53Ave17LXGABU_Pr-k&where=search&referrerAllArticles=true
94,강경젓갈축제 둘째날 풍경,641308,2023.10.20. 17:48,겨자씨,https://cafe.naver.com/ca-fe/ArticleRead.nhn?clubid=21290369&page=1&userDisplay=50&inCafeSearch=true&searchBy=1&query=%EA%B0%95%EA%B2%BD%EC%B6%95%EC%A0%9C&includeAll=&exclude=&include=&exact=&searchdate=all&media=0&sortBy=date&articleid=641308&art=aW50ZXJuYWwtY2FmZS1hcnRpY2xlLXJlYWQtaW5DYWZlLXNlYXJjaC1saXN0.eyJ0eXAiOiJKV1QiLCJhbGciOiJIUzI1NiJ9.eyJjYWZlVHlwZSI6IkNBRkVfSUQiLCJhcnRpY2xlSWQiOjY0MTMwOCwiaXNzdWVkQXQiOjE3MzI2MDY2OTk1NzIsImNhZmVJZCI6MjEyOTAzNjl9.lSA_03r3T7zQxS3etsI2r4h-5_vwhtpngIy-V0vCgb0&where=search&referrerAllArticles=true
95,강경젓갈축제요,641306,2023.10.20. 17:35,호호아,https://cafe.naver.com/ca-fe/ArticleRead.nhn?clubid=21290369&page=1&userDisplay=50&inCafeSearch=true&searchBy=1&query=%EA%B0%95%EA%B2%BD%EC%B6%95%EC%A0%9C&includeAll=&exclude=&include=&exact=&searchdate=all&media=0&sortBy=date&articleid=641306&art=aW50ZXJuYWwtY2FmZS1hcnRpY2xlLXJlYWQtaW5DYWZlLXNlYXJjaC1saXN0.eyJ0eXAiOiJKV1QiLCJhbGciOiJIUzI1NiJ9.eyJjYWZlVHlwZSI6IkNBRkVfSUQiLCJhcnRpY2xlSWQiOjY0MTMwNiwiaXNzdWVkQXQiOjE3MzI2MDY2OTk1ODUsImNhZmVJZCI6MjEyOTAzNjl9.8v32aTv-DmL3Ab0aG7OiiKmcix-KhVFJ8M1CNOl-z88&where=search&referrerAllArticles=true
96,강경젓갈축제 아이 놀이기구 있을까요?,641298,2023.10.20. 16:33,유콰한그녀v소띠,https://cafe.naver.com/ca-fe/ArticleRead.nhn?clubid=21290369&page=1&userDisplay=50&inCafeSearch=true&searchBy=1&query=%EA%B0%95%EA%B2%BD%EC%B6%95%EC%A0%9C&includeAll=&exclude=&include=&exact=&searchdate=all&media=0&sortBy=date&articleid=641298&art=aW50ZXJuYWwtY2FmZS1hcnRpY2xlLXJlYWQtaW5DYWZlLXNlYXJjaC1saXN0.eyJ0eXAiOiJKV1QiLCJhbGciOiJIUzI1NiJ9.eyJjYWZlVHlwZSI6IkNBRkVfSUQiLCJhcnRpY2xlSWQiOjY0MTI5OCwiaXNzdWVkQXQiOjE3MzI2MDY2OTk2MDIsImNhZmVJZCI6MjEyOTAzNjl9.4YKj1AZGd4hKmUX6ha3NK-SKY4-Gs5eRz46Vp2qyX0o&where=search&referrerAllArticles=true
97,강경젓갈축제에서 사과 사왔는데 진짜 맛있네요 ㅎ,641278,2023.10.20. 14:37,먼지언니,https://cafe.naver.com/ca-fe/ArticleRead.nhn?clubid=21290369&page=1&userDisplay=50&inCafeSearch=true&searchBy=1&query=%EA%B0%95%EA%B2%BD%EC%B6%95%EC%A0%9C&includeAll=&exclude=&include=&exact=&searchdate=all&media=0&sortBy=date&articleid=641278&art=aW50ZXJuYWwtY2FmZS1hcnRpY2xlLXJlYWQtaW5DYWZlLXNlYXJjaC1saXN0.eyJ0eXAiOiJKV1QiLCJhbGciOiJIUzI1NiJ9.eyJjYWZlVHlwZSI6IkNBRkVfSUQiLCJhcnRpY2xlSWQiOjY0MTI3OCwiaXNzdWVkQXQiOjE3MzI2MDY2OTk2MTgsImNhZmVJZCI6MjEyOTAzNjl9.dSFziQY68q6dEgs2uHVjYMPcLm0MgyiVxzxBjyU20DU&where=search&referrerAllArticles=true
98,강경젓갈축제 순환버스 궁금해요,641223,2023.10.19. 22:12,natural,https://cafe.naver.com/ca-fe/ArticleRead.nhn?clubid=21290369&page=1&userDisplay=50&inCafeSearch=true&searchBy=1&query=%EA%B0%95%EA%B2%BD%EC%B6%95%EC%A0%9C&includeAll=&exclude=&include=&exact=&searchdate=all&media=0&sortBy=date&articleid=641223&art=aW50ZXJuYWwtY2FmZS1hcnRpY2xlLXJlYWQtaW5DYWZlLXNlYXJjaC1saXN0.eyJ0eXAiOiJKV1QiLCJhbGciOiJIUzI1NiJ9.eyJjYWZlVHlwZSI6IkNBRkVfSUQiLCJhcnRpY2xlSWQiOjY0MTIyMywiaXNzdWVkQXQiOjE3MzI2MDY2OTk2MzQsImNhZmVJZCI6MjEyOTAzNjl9.ppT_dcn5GyBdIwN8UZ0IvX1YKQkyhoR4qHxkvzSfsrs&where=search&referrerAllArticles=true
99,강경젓갈축제에 혹시 홍게도 파나요??,641196,2023.10.19. 19:28,머쉬룸,https://cafe.naver.com/ca-fe/ArticleRead.nhn?clubid=21290369&page=1&userDisplay=50&inCafeSearch=true&searchBy=1&query=%EA%B0%95%EA%B2%BD%EC%B6%95%EC%A0%9C&includeAll=&exclude=&include=&exact=&searchdate=all&media=0&sortBy=date&articleid=641196&art=aW50ZXJuYWwtY2FmZS1hcnRpY2xlLXJlYWQtaW5DYWZlLXNlYXJjaC1saXN0.eyJ0eXAiOiJKV1QiLCJhbGciOiJIUzI1NiJ9.eyJjYWZlVHlwZSI6IkNBRkVfSUQiLCJhcnRpY2xlSWQiOjY0MTE5NiwiaXNzdWVkQXQiOjE3MzI2MDY2OTk2NDcsImNhZmVJZCI6MjEyOTAzNjl9.Tpl4d3UaQMeD52juiUM0DkByhB8KU3C3_UCyG91qw8o&where=search&referrerAllArticles=true
100,젓갈축제 그 김치 맞습니다! 도래미김치 입점 인사드립니다?,675501,2024.11.06. 19:40,도래미김치,https://cafe.naver.com/ca-fe/ArticleRead.nhn?clubid=21290369&page=1&userDisplay=50&inCafeSearch=true&searchBy=1&query=%EC%A0%93%EA%B0%88%EC%B6%95%EC%A0%9C&includeAll=&exclude=&include=&exact=&searchdate=all&media=0&sortBy=date&articleid=675501&art=aW50ZXJuYWwtY2FmZS1hcnRpY2xlLXJlYWQtaW5DYWZlLXNlYXJjaC1saXN0.eyJ0eXAiOiJKV1QiLCJhbGciOiJIUzI1NiJ9.eyJjYWZlVHlwZSI6IkNBRkVfSUQiLCJhcnRpY2xlSWQiOjY3NTUwMSwiaXNzdWVkQXQiOjE3MzI2MDcxMjgwMDIsImNhZmVJZCI6MjEyOTAzNjl9.iacTk_VM_zZWaBqW4m1oJeApHMn9fBIPyt0Ugt4SlZs&where=search&referrerAllArticles=true
101,이번 강경젓갈축제 김치판매에 대해~,674975,2024.10.31. 14:23,흔한남매맘,https://cafe.naver.com/ca-fe/ArticleRead.nhn?clubid=21290369&page=1&userDisplay=50&inCafeSearch=true&searchBy=1&query=%EC%A0%93%EA%B0%88%EC%B6%95%EC%A0%9C&includeAll=&exclude=&include=&exact=&searchdate=all&media=0&sortBy=date&articleid=674975&art=aW50ZXJuYWwtY2FmZS1hcnRpY2xlLXJlYWQtaW5DYWZlLXNlYXJjaC1saXN0.eyJ0eXAiOiJKV1QiLCJhbGciOiJIUzI1NiJ9.eyJjYWZlVHlwZSI6IkNBRkVfSUQiLCJhcnRpY2xlSWQiOjY3NDk3NSwiaXNzdWVkQXQiOjE3MzI2MDcxMjgwMjAsImNhZmVJZCI6MjEyOTAzNjl9.n3ovu-UJRC7HCOWAX1o6uIwO9ZUv-VA3_D2iYKvQ7k4&where=search&referrerAllArticles=true
102,젓갈축제 체험때 담궈온 김치 드셔보셨나요?,674793,2024.10.29. 11:28,아지,https://cafe.naver.com/ca-fe/ArticleRead.nhn?clubid=21290369&page=1&userDisplay=50&inCafeSearch=true&searchBy=1&query=%EC%A0%93%EA%B0%88%EC%B6%95%EC%A0%9C&includeAll=&exclude=&include=&exact=&searchdate=all&media=0&sortBy=date&articleid=674793&art=aW50ZXJuYWwtY2FmZS1hcnRpY2xlLXJlYWQtaW5DYWZlLXNlYXJjaC1saXN0.eyJ0eXAiOiJKV1QiLCJhbGciOiJIUzI1NiJ9.eyJjYWZlVHlwZSI6IkNBRkVfSUQiLCJhcnRpY2xlSWQiOjY3NDc5MywiaXNzdWVkQXQiOjE3MzI2MDcxMjgwMzcsImNhZmVJZCI6MjEyOTAzNjl9.bl5QtxAkVIy49PRfUo1kgwwe8LvG8vWChlkZe1E3nZ8&where=search&referrerAllArticles=true
103,젓갈축제,674104,2024.10.20. 15:07,딸기mam,https://cafe.naver.com/ca-fe/ArticleRead.nhn?clubid=21290369&page=1&userDisplay=50&inCafeSearch=true&searchBy=1&query=%EC%A0%93%EA%B0%88%EC%B6%95%EC%A0%9C&includeAll=&exclude=&include=&exact=&searchdate=all&media=0&sortBy=date&articleid=674104&art=aW50ZXJuYWwtY2FmZS1hcnRpY2xlLXJlYWQtaW5DYWZlLXNlYXJjaC1saXN0.eyJ0eXAiOiJKV1QiLCJhbGciOiJIUzI1NiJ9.eyJjYWZlVHlwZSI6IkNBRkVfSUQiLCJhcnRpY2xlSWQiOjY3NDEwNCwiaXNzdWVkQXQiOjE3MzI2MDcxMjgwNTUsImNhZmVJZCI6MjEyOTAzNjl9.dN5ZRcOMCjIFknhUroKvrMXhSZ7P-pXGaFJxa35kCsw&where=search&referrerAllArticles=true
104,강경젓갈축제에 논산시동물보호센터에서도 왔네요,674101,2024.10.20. 14:26,딱콩,https://cafe.naver.com/ca-fe/ArticleRead.nhn?clubid=21290369&page=1&userDisplay=50&inCafeSearch=true&searchBy=1&query=%EC%A0%93%EA%B0%88%EC%B6%95%EC%A0%9C&includeAll=&exclude=&include=&exact=&searchdate=all&media=0&sortBy=date&articleid=674101&art=aW50ZXJuYWwtY2FmZS1hcnRpY2xlLXJlYWQtaW5DYWZlLXNlYXJjaC1saXN0.eyJ0eXAiOiJKV1QiLCJhbGciOiJIUzI1NiJ9.eyJjYWZlVHlwZSI6IkNBRkVfSUQiLCJhcnRpY2xlSWQiOjY3NDEwMSwiaXNzdWVkQXQiOjE3MzI2MDcxMjgwNzMsImNhZmVJZCI6MjEyOTAzNjl9.054HsBFG1A1UCyiZwLPOCqgrX0amcD2FQdBIyHiOHWM&where=search&referrerAllArticles=true
105,강경젓갈축제 김치만드는거 아직하나요?,674092,2024.10.20. 11:42,도치도치맘,https://cafe.naver.com/ca-fe/ArticleRead.nhn?clubid=21290369&page=1&userDisplay=50&inCafeSearch=true&searchBy=1&query=%EC%A0%93%EA%B0%88%EC%B6%95%EC%A0%9C&includeAll=&exclude=&include=&exact=&searchdate=all&media=0&sortBy=date&articleid=674092&art=aW50ZXJuYWwtY2FmZS1hcnRpY2xlLXJlYWQtaW5DYWZlLXNlYXJjaC1saXN0.eyJ0eXAiOiJKV1QiLCJhbGciOiJIUzI1NiJ9.eyJjYWZlVHlwZSI6IkNBRkVfSUQiLCJhcnRpY2xlSWQiOjY3NDA5MiwiaXNzdWVkQXQiOjE3MzI2MDcxMjgwOTIsImNhZmVJZCI6MjEyOTAzNjl9.vZ7WshFc127ucsMn4wkTyaTC2AJ2BcfRLJ0pTW8DH1M&where=search&referrerAllArticles=true
106,강경젓갈축제,674088,2024.10.20. 10:40,딸부자,https://cafe.naver.com/ca-fe/ArticleRead.nhn?clubid=21290369&page=1&userDisplay=50&inCafeSearch=true&searchBy=1&query=%EC%A0%93%EA%B0%88%EC%B6%95%EC%A0%9C&includeAll=&exclude=&include=&exact=&searchdate=all&media=0&sortBy=date&articleid=674088&art=aW50ZXJuYWwtY2FmZS1hcnRpY2xlLXJlYWQtaW5DYWZlLXNlYXJjaC1saXN0.eyJ0eXAiOiJKV1QiLCJhbGciOiJIUzI1NiJ9.eyJjYWZlVHlwZSI6IkNBRkVfSUQiLCJhcnRpY2xlSWQiOjY3NDA4OCwiaXNzdWVkQXQiOjE3MzI2MDcxMjgxMTEsImNhZmVJZCI6MjEyOTAzNjl9.J2f089ckJf_ksJnVCjJKV2-8lWDY1EUwJTm2W28l13o&where=search&referrerAllArticles=true
107,젓갈축제요.. 옛날 딸기축제 느낌이에요,674064,2024.10.19. 20:02,꽁냥꽁냥냥,https://cafe.naver.com/ca-fe/ArticleRead.nhn?clubid=21290369&page=1&userDisplay=50&inCafeSearch=true&searchBy=1&query=%EC%A0%93%EA%B0%88%EC%B6%95%EC%A0%9C&includeAll=&exclude=&include=&exact=&searchdate=all&media=0&sortBy=date&articleid=674064&art=aW50ZXJuYWwtY2FmZS1hcnRpY2xlLXJlYWQtaW5DYWZlLXNlYXJjaC1saXN0.eyJ0eXAiOiJKV1QiLCJhbGciOiJIUzI1NiJ9.eyJjYWZlVHlwZSI6IkNBRkVfSUQiLCJhcnRpY2xlSWQiOjY3NDA2NCwiaXNzdWVkQXQiOjE3MzI2MDcxMjgxMjgsImNhZmVJZCI6MjEyOTAzNjl9.joq_SD8TE4IFjB16XthkII9aTN39bdl5cgPdlMFmC5M&where=search&referrerAllArticles=true
108,젓갈축제,674057,2024.10.19. 19:00,단밤,https://cafe.naver.com/ca-fe/ArticleRead.nhn?clubid=21290369&page=1&userDisplay=50&inCafeSearch=true&searchBy=1&query=%EC%A0%93%EA%B0%88%EC%B6%95%EC%A0%9C&includeAll=&exclude=&include=&exact=&searchdate=all&media=0&sortBy=date&articleid=674057&art=aW50ZXJuYWwtY2FmZS1hcnRpY2xlLXJlYWQtaW5DYWZlLXNlYXJjaC1saXN0.eyJ0eXAiOiJKV1QiLCJhbGciOiJIUzI1NiJ9.eyJjYWZlVHlwZSI6IkNBRkVfSUQiLCJhcnRpY2xlSWQiOjY3NDA1NywiaXNzdWVkQXQiOjE3MzI2MDcxMjgxNDcsImNhZmVJZCI6MjEyOTAzNjl9.jUGPL5UXSCHvNHtrsgfwtT3UdgN1Nbf146I1r4rIGsw&where=search&referrerAllArticles=true
109,젓갈축제 가려는데 날씨어떤가요?,674055,2024.10.19. 18:00,서윤엄마,https://cafe.naver.com/ca-fe/ArticleRead.nhn?clubid=21290369&page=1&userDisplay=50&inCafeSearch=true&searchBy=1&query=%EC%A0%93%EA%B0%88%EC%B6%95%EC%A0%9C&includeAll=&exclude=&include=&exact=&searchdate=all&media=0&sortBy=date&articleid=674055&art=aW50ZXJuYWwtY2FmZS1hcnRpY2xlLXJlYWQtaW5DYWZlLXNlYXJjaC1saXN0.eyJ0eXAiOiJKV1QiLCJhbGciOiJIUzI1NiJ9.eyJjYWZlVHlwZSI6IkNBRkVfSUQiLCJhcnRpY2xlSWQiOjY3NDA1NSwiaXNzdWVkQXQiOjE3MzI2MDcxMjgxNjQsImNhZmVJZCI6MjEyOTAzNjl9.3hu-8X8YNz58AyNzJRkD5yOk4q2SBDRgoNwtXCF1Abg&where=search&referrerAllArticles=true
110,젓갈축제에서 산 과자,674054,2024.10.19. 17:56,비에르나,https://cafe.naver.com/ca-fe/ArticleRead.nhn?clubid=21290369&page=1&userDisplay=50&inCafeSearch=true&searchBy=1&query=%EC%A0%93%EA%B0%88%EC%B6%95%EC%A0%9C&includeAll=&exclude=&include=&exact=&searchdate=all&media=0&sortBy=date&articleid=674054&art=aW50ZXJuYWwtY2FmZS1hcnRpY2xlLXJlYWQtaW5DYWZlLXNlYXJjaC1saXN0.eyJ0eXAiOiJKV1QiLCJhbGciOiJIUzI1NiJ9.eyJjYWZlVHlwZSI6IkNBRkVfSUQiLCJhcnRpY2xlSWQiOjY3NDA1NCwiaXNzdWVkQXQiOjE3MzI2MDcxMjgxODIsImNhZmVJZCI6MjEyOTAzNjl9.ZnEAdIIWIiRwqFWM0iarn46m0eX6uy0GfJT-hNm41Wk&where=search&referrerAllArticles=true
111,젓갈축제 재밌나요,674037,2024.10.19. 14:15,이셔진,https://cafe.naver.com/ca-fe/ArticleRead.nhn?clubid=21290369&page=1&userDisplay=50&inCafeSearch=true&searchBy=1&query=%EC%A0%93%EA%B0%88%EC%B6%95%EC%A0%9C&includeAll=&exclude=&include=&exact=&searchdate=all&media=0&sortBy=date&articleid=674037&art=aW50ZXJuYWwtY2FmZS1hcnRpY2xlLXJlYWQtaW5DYWZlLXNlYXJjaC1saXN0.eyJ0eXAiOiJKV1QiLCJhbGciOiJIUzI1NiJ9.eyJjYWZlVHlwZSI6IkNBRkVfSUQiLCJhcnRpY2xlSWQiOjY3NDAzNywiaXNzdWVkQXQiOjE3MzI2MDcxMjgxOTksImNhZmVJZCI6MjEyOTAzNjl9.Wx-xmwnC5NdV1lO8uiRKk88jcDxA5rf6HOgpnx6go8I&where=search&referrerAllArticles=true
112,논산강경젓갈축제 키즈존 앞 소떡 증정 이벤트 하네요,674036,2024.10.19. 14:14,논산이사,https://cafe.naver.com/ca-fe/ArticleRead.nhn?clubid=21290369&page=1&userDisplay=50&inCafeSearch=true&searchBy=1&query=%EC%A0%93%EA%B0%88%EC%B6%95%EC%A0%9C&includeAll=&exclude=&include=&exact=&searchdate=all&media=0&sortBy=date&articleid=674036&art=aW50ZXJuYWwtY2FmZS1hcnRpY2xlLXJlYWQtaW5DYWZlLXNlYXJjaC1saXN0.eyJ0eXAiOiJKV1QiLCJhbGciOiJIUzI1NiJ9.eyJjYWZlVHlwZSI6IkNBRkVfSUQiLCJhcnRpY2xlSWQiOjY3NDAzNiwiaXNzdWVkQXQiOjE3MzI2MDcxMjgyMTMsImNhZmVJZCI6MjEyOTAzNjl9.uok7_Z_nRwFZpQjcHS5vOek6s5kN7OeB017h8fwpdOQ&where=search&referrerAllArticles=true
113,젓갈축제에 계신분 ^^,674032,2024.10.19. 12:30,땅콩s2,https://cafe.naver.com/ca-fe/ArticleRead.nhn?clubid=21290369&page=1&userDisplay=50&inCafeSearch=true&searchBy=1&query=%EC%A0%93%EA%B0%88%EC%B6%95%EC%A0%9C&includeAll=&exclude=&include=&exact=&searchdate=all&media=0&sortBy=date&articleid=674032&art=aW50ZXJuYWwtY2FmZS1hcnRpY2xlLXJlYWQtaW5DYWZlLXNlYXJjaC1saXN0.eyJ0eXAiOiJKV1QiLCJhbGciOiJIUzI1NiJ9.eyJjYWZlVHlwZSI6IkNBRkVfSUQiLCJhcnRpY2xlSWQiOjY3NDAzMiwiaXNzdWVkQXQiOjE3MzI2MDcxMjgyMjcsImNhZmVJZCI6MjEyOTAzNjl9._nSZG2AofuJ2_Qn28tJpAw7ltmu3D7F4OwraYnE8ZJA&where=search&referrerAllArticles=true
114,젓갈축제 1주차장으로 갈수 있을까요?,674022,2024.10.19. 10:14,아지라앨,https://cafe.naver.com/ca-fe/ArticleRead.nhn?clubid=21290369&page=1&userDisplay=50&inCafeSearch=true&searchBy=1&query=%EC%A0%93%EA%B0%88%EC%B6%95%EC%A0%9C&includeAll=&exclude=&include=&exact=&searchdate=all&media=0&sortBy=date&articleid=674022&art=aW50ZXJuYWwtY2FmZS1hcnRpY2xlLXJlYWQtaW5DYWZlLXNlYXJjaC1saXN0.eyJ0eXAiOiJKV1QiLCJhbGciOiJIUzI1NiJ9.eyJjYWZlVHlwZSI6IkNBRkVfSUQiLCJhcnRpY2xlSWQiOjY3NDAyMiwiaXNzdWVkQXQiOjE3MzI2MDcxMjgyNDIsImNhZmVJZCI6MjEyOTAzNjl9.kD2tREhE4G65Qb3YpwTajLYXILi0JIvEVH8QDD-PH9U&where=search&referrerAllArticles=true
115,강경젓갈축제,673957,2024.10.18. 11:14,하랑,https://cafe.naver.com/ca-fe/ArticleRead.nhn?clubid=21290369&page=1&userDisplay=50&inCafeSearch=true&searchBy=1&query=%EC%A0%93%EA%B0%88%EC%B6%95%EC%A0%9C&includeAll=&exclude=&include=&exact=&searchdate=all&media=0&sortBy=date&articleid=673957&art=aW50ZXJuYWwtY2FmZS1hcnRpY2xlLXJlYWQtaW5DYWZlLXNlYXJjaC1saXN0.eyJ0eXAiOiJKV1QiLCJhbGciOiJIUzI1NiJ9.eyJjYWZlVHlwZSI6IkNBRkVfSUQiLCJhcnRpY2xlSWQiOjY3Mzk1NywiaXNzdWVkQXQiOjE3MzI2MDcxMjgyNTUsImNhZmVJZCI6MjEyOTAzNjl9.10h2veElpDhwTXDd9gO86Y_PJd4dOlA20ldxgDUzMhs&where=search&referrerAllArticles=true
116,젓갈축제 갔다가 들리기 좋은곳 추천!,673951,2024.10.18. 10:33,에브리식자재마트,https://cafe.naver.com/ca-fe/ArticleRead.nhn?clubid=21290369&page=1&userDisplay=50&inCafeSearch=true&searchBy=1&query=%EC%A0%93%EA%B0%88%EC%B6%95%EC%A0%9C&includeAll=&exclude=&include=&exact=&searchdate=all&media=0&sortBy=date&articleid=673951&art=aW50ZXJuYWwtY2FmZS1hcnRpY2xlLXJlYWQtaW5DYWZlLXNlYXJjaC1saXN0.eyJ0eXAiOiJKV1QiLCJhbGciOiJIUzI1NiJ9.eyJjYWZlVHlwZSI6IkNBRkVfSUQiLCJhcnRpY2xlSWQiOjY3Mzk1MSwiaXNzdWVkQXQiOjE3MzI2MDcxMjgyNjgsImNhZmVJZCI6MjEyOTAzNjl9.tiFY2HbPGHhU6RheYw5pGwVcVLKun5QXqv_TbZ4mx9Y&where=search&referrerAllArticles=true
117,젓갈축제 주차 축제장으로 오지마세요,673947,2024.10.18. 09:51,lovelove1454,https://cafe.naver.com/ca-fe/ArticleRead.nhn?clubid=21290369&page=1&userDisplay=50&inCafeSearch=true&searchBy=1&query=%EC%A0%93%EA%B0%88%EC%B6%95%EC%A0%9C&includeAll=&exclude=&include=&exact=&searchdate=all&media=0&sortBy=date&articleid=673947&art=aW50ZXJuYWwtY2FmZS1hcnRpY2xlLXJlYWQtaW5DYWZlLXNlYXJjaC1saXN0.eyJ0eXAiOiJKV1QiLCJhbGciOiJIUzI1NiJ9.eyJjYWZlVHlwZSI6IkNBRkVfSUQiLCJhcnRpY2xlSWQiOjY3Mzk0NywiaXNzdWVkQXQiOjE3MzI2MDcxMjgyODQsImNhZmVJZCI6MjEyOTAzNjl9.zvGV-cMW1XNc5ei9jE4ivVutv2s3hSpkObWWw4qX-hc&where=search&referrerAllArticles=true
118,강경젓갈축제 체험이요..하..,673919,2024.10.17. 20:15,사랑맘1901,https://cafe.naver.com/ca-fe/ArticleRead.nhn?clubid=21290369&page=1&userDisplay=50&inCafeSearch=true&searchBy=1&query=%EC%A0%93%EA%B0%88%EC%B6%95%EC%A0%9C&includeAll=&exclude=&include=&exact=&searchdate=all&media=0&sortBy=date&articleid=673919&art=aW50ZXJuYWwtY2FmZS1hcnRpY2xlLXJlYWQtaW5DYWZlLXNlYXJjaC1saXN0.eyJ0eXAiOiJKV1QiLCJhbGciOiJIUzI1NiJ9.eyJjYWZlVHlwZSI6IkNBRkVfSUQiLCJhcnRpY2xlSWQiOjY3MzkxOSwiaXNzdWVkQXQiOjE3MzI2MDcxMjgyOTksImNhZmVJZCI6MjEyOTAzNjl9.oZ5byp08PtYwBoYeeEill8PFxNMNuR1GnDnsBrbkMlM&where=search&referrerAllArticles=true
119,강경젓갈축제 셔틀버스? 순환버스?,673913,2024.10.17. 19:42,우니의 태리,https://cafe.naver.com/ca-fe/ArticleRead.nhn?clubid=21290369&page=1&userDisplay=50&inCafeSearch=true&searchBy=1&query=%EC%A0%93%EA%B0%88%EC%B6%95%EC%A0%9C&includeAll=&exclude=&include=&exact=&searchdate=all&media=0&sortBy=date&articleid=673913&art=aW50ZXJuYWwtY2FmZS1hcnRpY2xlLXJlYWQtaW5DYWZlLXNlYXJjaC1saXN0.eyJ0eXAiOiJKV1QiLCJhbGciOiJIUzI1NiJ9.eyJjYWZlVHlwZSI6IkNBRkVfSUQiLCJhcnRpY2xlSWQiOjY3MzkxMywiaXNzdWVkQXQiOjE3MzI2MDcxMjgzMTIsImNhZmVJZCI6MjEyOTAzNjl9.P6vjbGX2Kw-BskF-3xmLeInQjpNR5SlalEWQiqjwF1s&where=search&referrerAllArticles=true
120,강경젓갈축제 정보,673911,2024.10.17. 19:20,망고팅,https://cafe.naver.com/ca-fe/ArticleRead.nhn?clubid=21290369&page=1&userDisplay=50&inCafeSearch=true&searchBy=1&query=%EC%A0%93%EA%B0%88%EC%B6%95%EC%A0%9C&includeAll=&exclude=&include=&exact=&searchdate=all&media=0&sortBy=date&articleid=673911&art=aW50ZXJuYWwtY2FmZS1hcnRpY2xlLXJlYWQtaW5DYWZlLXNlYXJjaC1saXN0.eyJ0eXAiOiJKV1QiLCJhbGciOiJIUzI1NiJ9.eyJjYWZlVHlwZSI6IkNBRkVfSUQiLCJhcnRpY2xlSWQiOjY3MzkxMSwiaXNzdWVkQXQiOjE3MzI2MDcxMjgzMjcsImNhZmVJZCI6MjEyOTAzNjl9.A5B42TVLTpcadvYcW1cUJqrwfJt2eX1c2kbFR3URf0k&where=search&referrerAllArticles=true
121,강경젓갈축제,673902,2024.10.17. 18:18,하랑,https://cafe.naver.com/ca-fe/ArticleRead.nhn?clubid=21290369&page=1&userDisplay=50&inCafeSearch=true&searchBy=1&query=%EC%A0%93%EA%B0%88%EC%B6%95%EC%A0%9C&includeAll=&exclude=&include=&exact=&searchdate=all&media=0&sortBy=date&articleid=673902&art=aW50ZXJuYWwtY2FmZS1hcnRpY2xlLXJlYWQtaW5DYWZlLXNlYXJjaC1saXN0.eyJ0eXAiOiJKV1QiLCJhbGciOiJIUzI1NiJ9.eyJjYWZlVHlwZSI6IkNBRkVfSUQiLCJhcnRpY2xlSWQiOjY3MzkwMiwiaXNzdWVkQXQiOjE3MzI2MDcxMjgzNDEsImNhZmVJZCI6MjEyOTAzNjl9.b05QIvIWYXR2DJ3zWRaONyGKuhl-1lK_LD1JQiBBVqU&where=search&referrerAllArticles=true
122,강경젓갈 축제 김치 살 곳?,673901,2024.10.17. 18:09,사랑둥이,https://cafe.naver.com/ca-fe/ArticleRead.nhn?clubid=21290369&page=1&userDisplay=50&inCafeSearch=true&searchBy=1&query=%EC%A0%93%EA%B0%88%EC%B6%95%EC%A0%9C&includeAll=&exclude=&include=&exact=&searchdate=all&media=0&sortBy=date&articleid=673901&art=aW50ZXJuYWwtY2FmZS1hcnRpY2xlLXJlYWQtaW5DYWZlLXNlYXJjaC1saXN0.eyJ0eXAiOiJKV1QiLCJhbGciOiJIUzI1NiJ9.eyJjYWZlVHlwZSI6IkNBRkVfSUQiLCJhcnRpY2xlSWQiOjY3MzkwMSwiaXNzdWVkQXQiOjE3MzI2MDcxMjgzNTQsImNhZmVJZCI6MjEyOTAzNjl9.1DghkBjCkxncgLYXqcYeySIYhSuxd5YB9uBCF5T5K6Q&where=search&referrerAllArticles=true
123,강경젓갈축제 사과 맛나네요~,673898,2024.10.17. 17:54,gdjklg,https://cafe.naver.com/ca-fe/ArticleRead.nhn?clubid=21290369&page=1&userDisplay=50&inCafeSearch=true&searchBy=1&query=%EC%A0%93%EA%B0%88%EC%B6%95%EC%A0%9C&includeAll=&exclude=&include=&exact=&searchdate=all&media=0&sortBy=date&articleid=673898&art=aW50ZXJuYWwtY2FmZS1hcnRpY2xlLXJlYWQtaW5DYWZlLXNlYXJjaC1saXN0.eyJ0eXAiOiJKV1QiLCJhbGciOiJIUzI1NiJ9.eyJjYWZlVHlwZSI6IkNBRkVfSUQiLCJhcnRpY2xlSWQiOjY3Mzg5OCwiaXNzdWVkQXQiOjE3MzI2MDcxMjgzNjcsImNhZmVJZCI6MjEyOTAzNjl9.hMHd9_fLP7oAaGC-mzhmpZqjAD2lUSNXXxAxMlMy7Jg&where=search&referrerAllArticles=true
124,사과맛집 젓갈축제,673891,2024.10.17. 16:44,죠이,https://cafe.naver.com/ca-fe/ArticleRead.nhn?clubid=21290369&page=1&userDisplay=50&inCafeSearch=true&searchBy=1&query=%EC%A0%93%EA%B0%88%EC%B6%95%EC%A0%9C&includeAll=&exclude=&include=&exact=&searchdate=all&media=0&sortBy=date&articleid=673891&art=aW50ZXJuYWwtY2FmZS1hcnRpY2xlLXJlYWQtaW5DYWZlLXNlYXJjaC1saXN0.eyJ0eXAiOiJKV1QiLCJhbGciOiJIUzI1NiJ9.eyJjYWZlVHlwZSI6IkNBRkVfSUQiLCJhcnRpY2xlSWQiOjY3Mzg5MSwiaXNzdWVkQXQiOjE3MzI2MDcxMjgzODEsImNhZmVJZCI6MjEyOTAzNjl9.l7tpJIkIueG8jSpcSITzetManijxmbmN6YM9lHLbcmE&where=search&referrerAllArticles=true
125,강경젓갈 축제,673869,2024.10.17. 13:08,찌이,https://cafe.naver.com/ca-fe/ArticleRead.nhn?clubid=21290369&page=1&userDisplay=50&inCafeSearch=true&searchBy=1&query=%EC%A0%93%EA%B0%88%EC%B6%95%EC%A0%9C&includeAll=&exclude=&include=&exact=&searchdate=all&media=0&sortBy=date&articleid=673869&art=aW50ZXJuYWwtY2FmZS1hcnRpY2xlLXJlYWQtaW5DYWZlLXNlYXJjaC1saXN0.eyJ0eXAiOiJKV1QiLCJhbGciOiJIUzI1NiJ9.eyJjYWZlVHlwZSI6IkNBRkVfSUQiLCJhcnRpY2xlSWQiOjY3Mzg2OSwiaXNzdWVkQXQiOjE3MzI2MDcxMjgzOTMsImNhZmVJZCI6MjEyOTAzNjl9.4HJkMsY75xJZo4oo_sjw__ZU-R_TCytYZPeh1vLgOx4&where=search&referrerAllArticles=true
126,젓갈축제,673862,2024.10.17. 12:19,삼남매80,https://cafe.naver.com/ca-fe/ArticleRead.nhn?clubid=21290369&page=1&userDisplay=50&inCafeSearch=true&searchBy=1&query=%EC%A0%93%EA%B0%88%EC%B6%95%EC%A0%9C&includeAll=&exclude=&include=&exact=&searchdate=all&media=0&sortBy=date&articleid=673862&art=aW50ZXJuYWwtY2FmZS1hcnRpY2xlLXJlYWQtaW5DYWZlLXNlYXJjaC1saXN0.eyJ0eXAiOiJKV1QiLCJhbGciOiJIUzI1NiJ9.eyJjYWZlVHlwZSI6IkNBRkVfSUQiLCJhcnRpY2xlSWQiOjY3Mzg2MiwiaXNzdWVkQXQiOjE3MzI2MDcxMjg0MDksImNhZmVJZCI6MjEyOTAzNjl9.z4jSkjHa5Y8uwAnZnNJWta0zfkAiLtYpIUWc-6fXAsY&where=search&referrerAllArticles=true
127,강경 젓갈 축제기간 중 비 소식이 있던데..,673802,2024.10.16. 19:17,이젠집밥해먹자,https://cafe.naver.com/ca-fe/ArticleRead.nhn?clubid=21290369&page=1&userDisplay=50&inCafeSearch=true&searchBy=1&query=%EC%A0%93%EA%B0%88%EC%B6%95%EC%A0%9C&includeAll=&exclude=&include=&exact=&searchdate=all&media=0&sortBy=date&articleid=673802&art=aW50ZXJuYWwtY2FmZS1hcnRpY2xlLXJlYWQtaW5DYWZlLXNlYXJjaC1saXN0.eyJ0eXAiOiJKV1QiLCJhbGciOiJIUzI1NiJ9.eyJjYWZlVHlwZSI6IkNBRkVfSUQiLCJhcnRpY2xlSWQiOjY3MzgwMiwiaXNzdWVkQXQiOjE3MzI2MDcxMjg0MjMsImNhZmVJZCI6MjEyOTAzNjl9.f9twnxpMKtq6FL5yGktBP5tb3qCMUPQiAJdt8TuJLRQ&where=search&referrerAllArticles=true
128,[강경젓갈축제]문화누리카드 축제가맹점 안내,673773,2024.10.16. 14:20,용용2다잉,https://cafe.naver.com/ca-fe/ArticleRead.nhn?clubid=21290369&page=1&userDisplay=50&inCafeSearch=true&searchBy=1&query=%EC%A0%93%EA%B0%88%EC%B6%95%EC%A0%9C&includeAll=&exclude=&include=&exact=&searchdate=all&media=0&sortBy=date&articleid=673773&art=aW50ZXJuYWwtY2FmZS1hcnRpY2xlLXJlYWQtaW5DYWZlLXNlYXJjaC1saXN0.eyJ0eXAiOiJKV1QiLCJhbGciOiJIUzI1NiJ9.eyJjYWZlVHlwZSI6IkNBRkVfSUQiLCJhcnRpY2xlSWQiOjY3Mzc3MywiaXNzdWVkQXQiOjE3MzI2MDcxMjg0NDAsImNhZmVJZCI6MjEyOTAzNjl9.hydz4XyB_jhGpuOcFbErQiRqiAlRubdKXY4sIFulHjw&where=search&referrerAllArticles=true
129,강경젓갈축제 문화누리카드 이벤트,673767,2024.10.16. 14:08,용용2다잉,https://cafe.naver.com/ca-fe/ArticleRead.nhn?clubid=21290369&page=1&userDisplay=50&inCafeSearch=true&searchBy=1&query=%EC%A0%93%EA%B0%88%EC%B6%95%EC%A0%9C&includeAll=&exclude=&include=&exact=&searchdate=all&media=0&sortBy=date&articleid=673767&art=aW50ZXJuYWwtY2FmZS1hcnRpY2xlLXJlYWQtaW5DYWZlLXNlYXJjaC1saXN0.eyJ0eXAiOiJKV1QiLCJhbGciOiJIUzI1NiJ9.eyJjYWZlVHlwZSI6IkNBRkVfSUQiLCJhcnRpY2xlSWQiOjY3Mzc2NywiaXNzdWVkQXQiOjE3MzI2MDcxMjg0NTIsImNhZmVJZCI6MjEyOTAzNjl9.qXNmjIvTPHZKeyecg0k0gm3ENge8LNUSExZOh65fUYw&where=search&referrerAllArticles=true
130,2024 강경젓갈축제 안내(변경사항 포함),673763,2024.10.16. 13:29,논산시 홍보협력실,https://cafe.naver.com/ca-fe/ArticleRead.nhn?clubid=21290369&page=1&userDisplay=50&inCafeSearch=true&searchBy=1&query=%EC%A0%93%EA%B0%88%EC%B6%95%EC%A0%9C&includeAll=&exclude=&include=&exact=&searchdate=all&media=0&sortBy=date&articleid=673763&art=aW50ZXJuYWwtY2FmZS1hcnRpY2xlLXJlYWQtaW5DYWZlLXNlYXJjaC1saXN0.eyJ0eXAiOiJKV1QiLCJhbGciOiJIUzI1NiJ9.eyJjYWZlVHlwZSI6IkNBRkVfSUQiLCJhcnRpY2xlSWQiOjY3Mzc2MywiaXNzdWVkQXQiOjE3MzI2MDcxMjg0NjgsImNhZmVJZCI6MjEyOTAzNjl9.Cd8H3TR1aIWgUzlnu0XKqzJufb499ALxxtnStMe36rE&where=search&referrerAllArticles=true
131,젓갈축제 불꽃놀이도 하나요?,673762,2024.10.16. 13:12,룰루랄라뿅,https://cafe.naver.com/ca-fe/ArticleRead.nhn?clubid=21290369&page=1&userDisplay=50&inCafeSearch=true&searchBy=1&query=%EC%A0%93%EA%B0%88%EC%B6%95%EC%A0%9C&includeAll=&exclude=&include=&exact=&searchdate=all&media=0&sortBy=date&articleid=673762&art=aW50ZXJuYWwtY2FmZS1hcnRpY2xlLXJlYWQtaW5DYWZlLXNlYXJjaC1saXN0.eyJ0eXAiOiJKV1QiLCJhbGciOiJIUzI1NiJ9.eyJjYWZlVHlwZSI6IkNBRkVfSUQiLCJhcnRpY2xlSWQiOjY3Mzc2MiwiaXNzdWVkQXQiOjE3MzI2MDcxMjg0ODQsImNhZmVJZCI6MjEyOTAzNjl9.sHxXyabTMmm17ptKIPDUjHfucAVHZe8zczT1AE47Rzc&where=search&referrerAllArticles=true
132,??강경젓갈축제(베베핀 해피콘서트)??,673749,2024.10.16. 09:52,물고기,https://cafe.naver.com/ca-fe/ArticleRead.nhn?clubid=21290369&page=1&userDisplay=50&inCafeSearch=true&searchBy=1&query=%EC%A0%93%EA%B0%88%EC%B6%95%EC%A0%9C&includeAll=&exclude=&include=&exact=&searchdate=all&media=0&sortBy=date&articleid=673749&art=aW50ZXJuYWwtY2FmZS1hcnRpY2xlLXJlYWQtaW5DYWZlLXNlYXJjaC1saXN0.eyJ0eXAiOiJKV1QiLCJhbGciOiJIUzI1NiJ9.eyJjYWZlVHlwZSI6IkNBRkVfSUQiLCJhcnRpY2xlSWQiOjY3Mzc0OSwiaXNzdWVkQXQiOjE3MzI2MDcxMjg0OTcsImNhZmVJZCI6MjEyOTAzNjl9.CHE2nx7v58KCfyLr62nfgDbrPvUXdRrSBJOATQUQBqQ&where=search&referrerAllArticles=true
133,2024 강경젓갈축제 세부일정 등 안내,673643,2024.10.14. 21:26,논산시 홍보협력실,https://cafe.naver.com/ca-fe/ArticleRead.nhn?clubid=21290369&page=1&userDisplay=50&inCafeSearch=true&searchBy=1&query=%EC%A0%93%EA%B0%88%EC%B6%95%EC%A0%9C&includeAll=&exclude=&include=&exact=&searchdate=all&media=0&sortBy=date&articleid=673643&art=aW50ZXJuYWwtY2FmZS1hcnRpY2xlLXJlYWQtaW5DYWZlLXNlYXJjaC1saXN0.eyJ0eXAiOiJKV1QiLCJhbGciOiJIUzI1NiJ9.eyJjYWZlVHlwZSI6IkNBRkVfSUQiLCJhcnRpY2xlSWQiOjY3MzY0MywiaXNzdWVkQXQiOjE3MzI2MDcxMjg1MTMsImNhZmVJZCI6MjEyOTAzNjl9.0rC_R1X7WhDLhlydjt2PoNGz4yJsVbZsLXjAIt06Jrk&where=search&referrerAllArticles=true
134,"젓갈축제 코요태,박명수 오네요~~ㅎㅎ",673619,2024.10.14. 17:10,시작해,https://cafe.naver.com/ca-fe/ArticleRead.nhn?clubid=21290369&page=1&userDisplay=50&inCafeSearch=true&searchBy=1&query=%EC%A0%93%EA%B0%88%EC%B6%95%EC%A0%9C&includeAll=&exclude=&include=&exact=&searchdate=all&media=0&sortBy=date&articleid=673619&art=aW50ZXJuYWwtY2FmZS1hcnRpY2xlLXJlYWQtaW5DYWZlLXNlYXJjaC1saXN0.eyJ0eXAiOiJKV1QiLCJhbGciOiJIUzI1NiJ9.eyJjYWZlVHlwZSI6IkNBRkVfSUQiLCJhcnRpY2xlSWQiOjY3MzYxOSwiaXNzdWVkQXQiOjE3MzI2MDcxMjg1MzIsImNhZmVJZCI6MjEyOTAzNjl9.ejcrVY77XEv4t-LezeURcKd5Y60aXkuo_pXzMA5TThc&where=search&referrerAllArticles=true
135,2024 강경젓갈축제 홍보 영상,673536,2024.10.13. 16:44,논산시 홍보협력실,https://cafe.naver.com/ca-fe/ArticleRead.nhn?clubid=21290369&page=1&userDisplay=50&inCafeSearch=true&searchBy=1&query=%EC%A0%93%EA%B0%88%EC%B6%95%EC%A0%9C&includeAll=&exclude=&include=&exact=&searchdate=all&media=0&sortBy=date&articleid=673536&art=aW50ZXJuYWwtY2FmZS1hcnRpY2xlLXJlYWQtaW5DYWZlLXNlYXJjaC1saXN0.eyJ0eXAiOiJKV1QiLCJhbGciOiJIUzI1NiJ9.eyJjYWZlVHlwZSI6IkNBRkVfSUQiLCJhcnRpY2xlSWQiOjY3MzUzNiwiaXNzdWVkQXQiOjE3MzI2MDcxMjg1NDYsImNhZmVJZCI6MjEyOTAzNjl9.rLNrOxjGQJaTkURmLqU_xe96OlwpR-zzeLl5A3d76R0&where=search&referrerAllArticles=true
136,2024 강경젓갈축제 안내,673535,2024.10.13. 16:42,논산시 홍보협력실,https://cafe.naver.com/ca-fe/ArticleRead.nhn?clubid=21290369&page=1&userDisplay=50&inCafeSearch=true&searchBy=1&query=%EC%A0%93%EA%B0%88%EC%B6%95%EC%A0%9C&includeAll=&exclude=&include=&exact=&searchdate=all&media=0&sortBy=date&articleid=673535&art=aW50ZXJuYWwtY2FmZS1hcnRpY2xlLXJlYWQtaW5DYWZlLXNlYXJjaC1saXN0.eyJ0eXAiOiJKV1QiLCJhbGciOiJIUzI1NiJ9.eyJjYWZlVHlwZSI6IkNBRkVfSUQiLCJhcnRpY2xlSWQiOjY3MzUzNSwiaXNzdWVkQXQiOjE3MzI2MDcxMjg1NjEsImNhZmVJZCI6MjEyOTAzNjl9.KXNJCgXcAC9hryMoCD8E3ymyfB3JmD-jX_qm3tAn5o0&where=search&referrerAllArticles=true
137,2024강경젓갈축제!베베핀 키즈존 안내,673534,2024.10.13. 16:41,논산시 홍보협력실,https://cafe.naver.com/ca-fe/ArticleRead.nhn?clubid=21290369&page=1&userDisplay=50&inCafeSearch=true&searchBy=1&query=%EC%A0%93%EA%B0%88%EC%B6%95%EC%A0%9C&includeAll=&exclude=&include=&exact=&searchdate=all&media=0&sortBy=date&articleid=673534&art=aW50ZXJuYWwtY2FmZS1hcnRpY2xlLXJlYWQtaW5DYWZlLXNlYXJjaC1saXN0.eyJ0eXAiOiJKV1QiLCJhbGciOiJIUzI1NiJ9.eyJjYWZlVHlwZSI6IkNBRkVfSUQiLCJhcnRpY2xlSWQiOjY3MzUzNCwiaXNzdWVkQXQiOjE3MzI2MDcxMjg1NzMsImNhZmVJZCI6MjEyOTAzNjl9.3RWngvHF6xtSpkXVd4Nc0LViQl75Cp-2F6KPQh3Y6Ws&where=search&referrerAllArticles=true
138,KBS대전 아침마당 영상 안내(2024강경젓갈축제 홍보),673519,2024.10.13. 11:28,논산시 홍보협력실,https://cafe.naver.com/ca-fe/ArticleRead.nhn?clubid=21290369&page=1&userDisplay=50&inCafeSearch=true&searchBy=1&query=%EC%A0%93%EA%B0%88%EC%B6%95%EC%A0%9C&includeAll=&exclude=&include=&exact=&searchdate=all&media=0&sortBy=date&articleid=673519&art=aW50ZXJuYWwtY2FmZS1hcnRpY2xlLXJlYWQtaW5DYWZlLXNlYXJjaC1saXN0.eyJ0eXAiOiJKV1QiLCJhbGciOiJIUzI1NiJ9.eyJjYWZlVHlwZSI6IkNBRkVfSUQiLCJhcnRpY2xlSWQiOjY3MzUxOSwiaXNzdWVkQXQiOjE3MzI2MDcxMjg1OTEsImNhZmVJZCI6MjEyOTAzNjl9.I7hZv8YDSwwOW9s2hHoUCN9kwuyiCTxgQga_m_4BXSY&where=search&referrerAllArticles=true
139,2024 강경젓갈축제 안내,673496,2024.10.12. 21:42,논산시 홍보협력실,https://cafe.naver.com/ca-fe/ArticleRead.nhn?clubid=21290369&page=1&userDisplay=50&inCafeSearch=true&searchBy=1&query=%EC%A0%93%EA%B0%88%EC%B6%95%EC%A0%9C&includeAll=&exclude=&include=&exact=&searchdate=all&media=0&sortBy=date&articleid=673496&art=aW50ZXJuYWwtY2FmZS1hcnRpY2xlLXJlYWQtaW5DYWZlLXNlYXJjaC1saXN0.eyJ0eXAiOiJKV1QiLCJhbGciOiJIUzI1NiJ9.eyJjYWZlVHlwZSI6IkNBRkVfSUQiLCJhcnRpY2xlSWQiOjY3MzQ5NiwiaXNzdWVkQXQiOjE3MzI2MDcxMjg2MDUsImNhZmVJZCI6MjEyOTAzNjl9.VH9dQirDOgINmx-bayemirPZTV6IZwJQAZv80qYOQ60&where=search&referrerAllArticles=true
140,[강경산소금문학관]영원한 청년작가 박범신 토크쇼(10.19.강경젓갈축제기간),673395,2024.10.11. 16:19,우기마미,https://cafe.naver.com/ca-fe/ArticleRead.nhn?clubid=21290369&page=1&userDisplay=50&inCafeSearch=true&searchBy=1&query=%EC%A0%93%EA%B0%88%EC%B6%95%EC%A0%9C&includeAll=&exclude=&include=&exact=&searchdate=all&media=0&sortBy=date&articleid=673395&art=aW50ZXJuYWwtY2FmZS1hcnRpY2xlLXJlYWQtaW5DYWZlLXNlYXJjaC1saXN0.eyJ0eXAiOiJKV1QiLCJhbGciOiJIUzI1NiJ9.eyJjYWZlVHlwZSI6IkNBRkVfSUQiLCJhcnRpY2xlSWQiOjY3MzM5NSwiaXNzdWVkQXQiOjE3MzI2MDcxMjg2MTksImNhZmVJZCI6MjEyOTAzNjl9.gHLUc6auVs_eQMrRDUPB4IUNBlMOj3kAAnGxVkIBNUM&where=search&referrerAllArticles=true
141,"논산시, 강경젓갈축제 대비 식품 안전 관리 강화",673350,2024.10.10. 23:49,논산시 홍보협력실,https://cafe.naver.com/ca-fe/ArticleRead.nhn?clubid=21290369&page=1&userDisplay=50&inCafeSearch=true&searchBy=1&query=%EC%A0%93%EA%B0%88%EC%B6%95%EC%A0%9C&includeAll=&exclude=&include=&exact=&searchdate=all&media=0&sortBy=date&articleid=673350&art=aW50ZXJuYWwtY2FmZS1hcnRpY2xlLXJlYWQtaW5DYWZlLXNlYXJjaC1saXN0.eyJ0eXAiOiJKV1QiLCJhbGciOiJIUzI1NiJ9.eyJjYWZlVHlwZSI6IkNBRkVfSUQiLCJhcnRpY2xlSWQiOjY3MzM1MCwiaXNzdWVkQXQiOjE3MzI2MDcxMjg2MzIsImNhZmVJZCI6MjEyOTAzNjl9.TcIz76BQRFC_S0b1h5wdbJo4wwmud71CLmF9XWjce20&where=search&referrerAllArticles=true
142,강경 젓갈축제,672405,2024.09.29. 15:04,반가워요,https://cafe.naver.com/ca-fe/ArticleRead.nhn?clubid=21290369&page=1&userDisplay=50&inCafeSearch=true&searchBy=1&query=%EC%A0%93%EA%B0%88%EC%B6%95%EC%A0%9C&includeAll=&exclude=&include=&exact=&searchdate=all&media=0&sortBy=date&articleid=672405&art=aW50ZXJuYWwtY2FmZS1hcnRpY2xlLXJlYWQtaW5DYWZlLXNlYXJjaC1saXN0.eyJ0eXAiOiJKV1QiLCJhbGciOiJIUzI1NiJ9.eyJjYWZlVHlwZSI6IkNBRkVfSUQiLCJhcnRpY2xlSWQiOjY3MjQwNSwiaXNzdWVkQXQiOjE3MzI2MDcxMjg2NDUsImNhZmVJZCI6MjEyOTAzNjl9.WwDoaNObupHJ-9BfVhkS21VVykDB7rwnciyyc_Xjpko&where=search&referrerAllArticles=true
143,"""논산 특산물로 신메뉴 개발"" 강경젓갈축제서 맛보세요",672314,2024.09.27. 22:59,논산시 홍보협력실,https://cafe.naver.com/ca-fe/ArticleRead.nhn?clubid=21290369&page=1&userDisplay=50&inCafeSearch=true&searchBy=1&query=%EC%A0%93%EA%B0%88%EC%B6%95%EC%A0%9C&includeAll=&exclude=&include=&exact=&searchdate=all&media=0&sortBy=date&articleid=672314&art=aW50ZXJuYWwtY2FmZS1hcnRpY2xlLXJlYWQtaW5DYWZlLXNlYXJjaC1saXN0.eyJ0eXAiOiJKV1QiLCJhbGciOiJIUzI1NiJ9.eyJjYWZlVHlwZSI6IkNBRkVfSUQiLCJhcnRpY2xlSWQiOjY3MjMxNCwiaXNzdWVkQXQiOjE3MzI2MDcxMjg2NTksImNhZmVJZCI6MjEyOTAzNjl9.S4Y4evGN45wdW43v653XDd-qUncjUXdSnXN040rQPIw&where=search&referrerAllArticles=true
144,젓갈축제 애들이랑 가시나요?,670405,2024.09.04. 13:41,논산이사,https://cafe.naver.com/ca-fe/ArticleRead.nhn?clubid=21290369&page=1&userDisplay=50&inCafeSearch=true&searchBy=1&query=%EC%A0%93%EA%B0%88%EC%B6%95%EC%A0%9C&includeAll=&exclude=&include=&exact=&searchdate=all&media=0&sortBy=date&articleid=670405&art=aW50ZXJuYWwtY2FmZS1hcnRpY2xlLXJlYWQtaW5DYWZlLXNlYXJjaC1saXN0.eyJ0eXAiOiJKV1QiLCJhbGciOiJIUzI1NiJ9.eyJjYWZlVHlwZSI6IkNBRkVfSUQiLCJhcnRpY2xlSWQiOjY3MDQwNSwiaXNzdWVkQXQiOjE3MzI2MDcxMjg2NzIsImNhZmVJZCI6MjEyOTAzNjl9.khpYjG9pXz8qtei4ml_LuIVkH3bPfRhlZs9ylmu9fqA&where=search&referrerAllArticles=true
145,2024 강경젓갈축제 강경젓갈·상월고구마 캐릭터 디자인 공모전 개최 안내,662266,2024.05.30. 11:44,관광축제팀,https://cafe.naver.com/ca-fe/ArticleRead.nhn?clubid=21290369&page=1&userDisplay=50&inCafeSearch=true&searchBy=1&query=%EC%A0%93%EA%B0%88%EC%B6%95%EC%A0%9C&includeAll=&exclude=&include=&exact=&searchdate=all&media=0&sortBy=date&articleid=662266&art=aW50ZXJuYWwtY2FmZS1hcnRpY2xlLXJlYWQtaW5DYWZlLXNlYXJjaC1saXN0.eyJ0eXAiOiJKV1QiLCJhbGciOiJIUzI1NiJ9.eyJjYWZlVHlwZSI6IkNBRkVfSUQiLCJhcnRpY2xlSWQiOjY2MjI2NiwiaXNzdWVkQXQiOjE3MzI2MDcxMjg2ODcsImNhZmVJZCI6MjEyOTAzNjl9.d7xEtTzzduZYP-Ix-WqCr7p-Z72O3JR6IHgsKhkdDB4&where=search&referrerAllArticles=true
146,강경젓갈축제 떡갈비,641483,2023.10.22. 20:31,뚱심이,https://cafe.naver.com/ca-fe/ArticleRead.nhn?clubid=21290369&page=1&userDisplay=50&inCafeSearch=true&searchBy=1&query=%EC%A0%93%EA%B0%88%EC%B6%95%EC%A0%9C&includeAll=&exclude=&include=&exact=&searchdate=all&media=0&sortBy=date&articleid=641483&art=aW50ZXJuYWwtY2FmZS1hcnRpY2xlLXJlYWQtaW5DYWZlLXNlYXJjaC1saXN0.eyJ0eXAiOiJKV1QiLCJhbGciOiJIUzI1NiJ9.eyJjYWZlVHlwZSI6IkNBRkVfSUQiLCJhcnRpY2xlSWQiOjY0MTQ4MywiaXNzdWVkQXQiOjE3MzI2MDcxMjg3MDEsImNhZmVJZCI6MjEyOTAzNjl9.LbYDB3Il4t0Y1M_B8OilgUs316ToFpjAVGe_DW4HPE8&where=search&referrerAllArticles=true
147,젓갈축제 불꽃놀이 몇시에요?,641480,2023.10.22. 20:05,가을가을,https://cafe.naver.com/ca-fe/ArticleRead.nhn?clubid=21290369&page=1&userDisplay=50&inCafeSearch=true&searchBy=1&query=%EC%A0%93%EA%B0%88%EC%B6%95%EC%A0%9C&includeAll=&exclude=&include=&exact=&searchdate=all&media=0&sortBy=date&articleid=641480&art=aW50ZXJuYWwtY2FmZS1hcnRpY2xlLXJlYWQtaW5DYWZlLXNlYXJjaC1saXN0.eyJ0eXAiOiJKV1QiLCJhbGciOiJIUzI1NiJ9.eyJjYWZlVHlwZSI6IkNBRkVfSUQiLCJhcnRpY2xlSWQiOjY0MTQ4MCwiaXNzdWVkQXQiOjE3MzI2MDcxMjg3MTUsImNhZmVJZCI6MjEyOTAzNjl9.8p5fPLAwIYvGmfeMmomEWZ7vThn62w2miT-1YJKYYeY&where=search&referrerAllArticles=true
148,젓갈축제 순환버스 첫번제 타는곳 첫차 아직 안오네요.,641425,2023.10.22. 09:40,natural,https://cafe.naver.com/ca-fe/ArticleRead.nhn?clubid=21290369&page=1&userDisplay=50&inCafeSearch=true&searchBy=1&query=%EC%A0%93%EA%B0%88%EC%B6%95%EC%A0%9C&includeAll=&exclude=&include=&exact=&searchdate=all&media=0&sortBy=date&articleid=641425&art=aW50ZXJuYWwtY2FmZS1hcnRpY2xlLXJlYWQtaW5DYWZlLXNlYXJjaC1saXN0.eyJ0eXAiOiJKV1QiLCJhbGciOiJIUzI1NiJ9.eyJjYWZlVHlwZSI6IkNBRkVfSUQiLCJhcnRpY2xlSWQiOjY0MTQyNSwiaXNzdWVkQXQiOjE3MzI2MDcxMjg3MjgsImNhZmVJZCI6MjEyOTAzNjl9.AiiQGw9RDZO95sjWlpTnpr6Ky1oaPjynotalZo1IJrY&where=search&referrerAllArticles=true
149,젓갈축제 열기구,641424,2023.10.22. 09:37,호롤룰룰,https://cafe.naver.com/ca-fe/ArticleRead.nhn?clubid=21290369&page=1&userDisplay=50&inCafeSearch=true&searchBy=1&query=%EC%A0%93%EA%B0%88%EC%B6%95%EC%A0%9C&includeAll=&exclude=&include=&exact=&searchdate=all&media=0&sortBy=date&articleid=641424&art=aW50ZXJuYWwtY2FmZS1hcnRpY2xlLXJlYWQtaW5DYWZlLXNlYXJjaC1saXN0.eyJ0eXAiOiJKV1QiLCJhbGciOiJIUzI1NiJ9.eyJjYWZlVHlwZSI6IkNBRkVfSUQiLCJhcnRpY2xlSWQiOjY0MTQyNCwiaXNzdWVkQXQiOjE3MzI2MDcxMjg3NDIsImNhZmVJZCI6MjEyOTAzNjl9.xuh2bnL7IiDKycWNKwDe35FoiQHqoyyZXFGsbND1Urs&where=search&referrerAllArticles=true
